Game,Price,Paid,Savings,Compatibility,,,,,,,,,,
,,,,,,,,,,,,,,
Astro's Playroom ‚úî,‚Ç¨0.00,‚Ç¨0.00,‚Ç¨0.00,,,,,,,,,,,
AWAY: The Survival Series ü•≥üéÅ,‚Ç¨29.99,‚Ç¨0.00,‚Ç¨29.99,,,,,,,,,,,
Beat Cop,‚Ç¨14.99,‚Ç¨1.49,‚Ç¨13.50,,,,,,,,,,,
Bugsnax ‚úî,‚Ç¨21.99,‚Ç¨16.49,‚Ç¨5.50,,,,,,,,,,,
Captain Tsubasa: Rise of New Champions,‚Ç¨59.99,‚Ç¨19.79,‚Ç¨40.20,,,,,,,,,,,
ClusterTruck ,‚Ç¨14.99,‚Ç¨4.49,‚Ç¨10.50,,,,,,,,,,,
Dead End Job ‚úî,‚Ç¨14.99,‚Ç¨2.99,‚Ç¨12.00,,,,,,,,,,,
Enter The Gungeon,‚Ç¨14.99,‚Ç¨7.49,‚Ç¨7.50,,,,,,,,,,,
Exit the Gungeon,‚Ç¨9.99,‚Ç¨6.99,‚Ç¨3.00,,,,,,,,,,,
Ghostbusters,‚Ç¨29.99,‚Ç¨7.99,‚Ç¨22.00,,,,,,,,,,,
Harvest Moon: A Wonderful Life,‚Ç¨14.99,‚Ç¨4.99,‚Ç¨10.00,,,,,,,,,,,
Hotline Miami 2: Wrong Number,‚Ç¨14.99,‚Ç¨3.59,‚Ç¨11.40,PS3 & VITA,,,,,,,,,,
Hue,‚Ç¨14.99,‚Ç¨4.99,‚Ç¨10.00,VITA,,,,,,,,,,
Human Fall Flat,‚Ç¨14.99,‚Ç¨9.99,‚Ç¨5.00,,,,,,,,,,,
In Rays of the Light,‚Ç¨7.99,‚Ç¨5.59,‚Ç¨2.40,,,,,,,,,,,
Kena: Bridge of Spirits ‚≠êüéÑüéÅ,‚Ç¨39.99,‚Ç¨0.00,‚Ç¨39.99,,,,,,,,,,,
Neon Chrome,‚Ç¨14.99,‚Ç¨4.49,‚Ç¨10.50,VITA,,,,,,,,,,
Overcooked: All You Can Eat Edition ‚≠ê,‚Ç¨128.44,‚Ç¨94.85,‚Ç¨33.59,,,,,,,,,,,
Plants vs Zombies: Battle for Neighborville,‚Ç¨39.99,‚Ç¨24.99,‚Ç¨15.00,,,,,,,,,,,
Please Don't Touch Anything,‚Ç¨9.99,‚Ç¨4.99,‚Ç¨5.00,,,,,,,,,,,
Saban's Mighty Morphin Power Rangers: Mega Battle,‚Ç¨19.99,‚Ç¨3.99,‚Ç¨16.00,,,,,,,,,,,
Scott Pilgrim vs The World: The Game,‚Ç¨14.99,‚Ç¨8.99,‚Ç¨6.00,,,,,,,,,,,
Scribblenauts Mega Pack (+1),‚Ç¨29.99,‚Ç¨9.99,‚Ç¨20.00,,,,,,,,,,,
Shovel Knight: Treasure Trove (+4),‚Ç¨24.99,‚Ç¨24.99,‚Ç¨0.00,PS3 & VITA,,,,,,,,,,
Spelunky üéÑüéÅ,‚Ç¨14.99,‚Ç¨0.00,‚Ç¨14.99,PS3 & VITA,,,,,,,,,,
Spy Chameleon,‚Ç¨4.99,‚Ç¨1.99,‚Ç¨3.00,VITA,,,,,,,,,,
Stardew Valley,‚Ç¨14.99,‚Ç¨7.99,‚Ç¨7.00,VITA,,,,,,,,,,
Subnautica: Below Zero,‚Ç¨29.99,‚Ç¨19.49,‚Ç¨10.50,,,,,,,,,,,
Super Monkey Ball: Banana Blitz HD,‚Ç¨39.99,‚Ç¨19.99,‚Ç¨20.00,,,,,,,,,,,
Supermarket Shriek ‚úî,‚Ç¨19.99,‚Ç¨11.99,‚Ç¨8.00,,,,,,,,,,,
The Escapists,‚Ç¨17.99,‚Ç¨6.99,‚Ç¨11.00,,,,,,,,,,,
The Pedestrian,‚Ç¨15.99,‚Ç¨10.39,‚Ç¨5.60,,,,,,,,,,,
The Sims 4,‚Ç¨829.63,‚Ç¨652.43,‚Ç¨177.20,,,,,,,,,,,
The Sinking City,‚Ç¨64.99,‚Ç¨45.49,‚Ç¨19.50,,,,,,,,,,,
The Warriors,‚Ç¨13.99,‚Ç¨5.99,‚Ç¨8.00,,,,,,,,,,,
Think of the Children,‚Ç¨12.99,‚Ç¨2.59,‚Ç¨10.40,,,,,,,,,,,
Tricky Towers,‚Ç¨14.99,‚Ç¨5.99,‚Ç¨9.00,,,,,,,,,,,
UNO,‚Ç¨19.99,‚Ç¨7.99,‚Ç¨12.00,,,,,,,,,,,
while true: learn( ),‚Ç¨14.99,‚Ç¨9.74,‚Ç¨5.25,,,,,,,,,,,
101 Ways To Die,‚Ç¨9.99,‚Ç¨4.99,‚Ç¨5.00,,,,,,,,,,,
[Prototype],‚Ç¨24.99,‚Ç¨7.99,‚Ç¨17.00,,,,,,,,,,,
[Prototype 2],‚Ç¨24.99,‚Ç¨7.99,‚Ç¨17.00,,,,,,,,,,,
A Boy And His Blob,‚Ç¨9.99,‚Ç¨3.99,‚Ç¨6.00,PS3 & VITA,,,,,,,,,,
A Plague Tale: Innocence ‚≠ê‚úî,‚Ç¨51.98,‚Ç¨16.98,‚Ç¨35.00,,,,,,,,,,,
Absolute Drift: Zen Edition,‚Ç¨11.99,‚Ç¨7.99,‚Ç¨4.00,,,,,,,,,,,
Abz√ª ‚≠êüéÅ,‚Ç¨19.99,‚Ç¨0.00,‚Ç¨19.99,,,,,,,,,,,
Active Soccer 2 DX,‚Ç¨9.99,‚Ç¨6.99,‚Ç¨3.00,VITA,,,,,,,,,,
Amnesia: Collection (+2),‚Ç¨28.49,‚Ç¨3.13,‚Ç¨25.36,,,,,,,,,,,
Amplitude,‚Ç¨19.99,‚Ç¨9.99,‚Ç¨10.00,,,,,,,,,,,
Another World,‚Ç¨7.99,‚Ç¨2.99,‚Ç¨5.00,PS3 & VITA,,,,,,,,,,
Ape Escape 2,‚Ç¨9.99,‚Ç¨3.99,‚Ç¨6.00,,,,,,,,,,,
Armello,‚Ç¨19.99,‚Ç¨7.99,‚Ç¨12.00,,,,,,,,,,,
Armikrog ,‚Ç¨9.99,‚Ç¨1.99,‚Ç¨8.00,,,,,,,,,,,
Art Of Balance,‚Ç¨8.99,‚Ç¨2.99,‚Ç¨6.00,,,,,,,,,,,
Assassin's Creed Valhalla: Ultimate Edition,‚Ç¨119.99,‚Ç¨59.99,‚Ç¨60.00,,,,,,,,,,,
Assault Android Cactus,‚Ç¨14.49,‚Ç¨3.99,‚Ç¨10.50,,,,,,,,,,,
Aven Colony,‚Ç¨29.99,‚Ç¨14.99,‚Ç¨15.00,,,,,,,,,,,
Back To The Future TTG,‚Ç¨12.98,‚Ç¨12.98,‚Ç¨0.00,PS3,,,,,,,,,,
Badland,‚Ç¨11.99,‚Ç¨4.99,‚Ç¨7.00,PS3 & VITA,,,,,,,,,,
Batman Season 1 TTG ‚úî,‚Ç¨19.99,‚Ç¨19.99,‚Ç¨0.00,,,,,,,,,,,
Batman Season 2 TTG ‚úî,‚Ç¨14.99,‚Ç¨14.99,‚Ç¨0.00,,,,,,,,,,,
Batman: Arkham Asylum ‚úî,‚Ç¨19.99,‚Ç¨7.99,‚Ç¨12.00,,,,,,,,,,,
Batman: Arkham City ‚úî,‚Ç¨19.99,‚Ç¨7.99,‚Ç¨12.00,,,,,,,,,,,
Batman: Arkham Knight,‚Ç¨19.99,‚Ç¨7.99,‚Ç¨12.00,,,,,,,,,,,
Battlefield 1: Revolution ‚≠ê,‚Ç¨19.99,‚Ç¨0.00,‚Ç¨19.99,,,,,,,,,,,
Bear With Me,‚Ç¨14.99,‚Ç¨7.49,‚Ç¨7.50,,,,,,,,,,,
Beyond Eyes,‚Ç¨12.99,‚Ç¨3.99,‚Ç¨9.00,,,,,,,,,,,
Beyond Two Souls,‚Ç¨19.99,‚Ç¨5.99,‚Ç¨14.00,,,,,,,,,,,
BioShock 1 & 2: The Collection (+1),‚Ç¨24.99,‚Ç¨9.99,‚Ç¨15.00,,,,,,,,,,,
BioShock Infinite: The Collection,‚Ç¨24.99,‚Ç¨9.99,‚Ç¨15.00,,,,,,,,,,,
Bloodborne ‚úî,‚Ç¨34.99,‚Ç¨18.24,‚Ç¨16.75,,,,,,,,,,,
Blood Bowl 2,‚Ç¨19.99,‚Ç¨7.49,‚Ç¨12.50,,,,,,,,,,,
Borderlands: The Handsome Collection (+1) ‚úî,‚Ç¨109.98,‚Ç¨62.98,‚Ç¨47.00,VR üíé,,,,,,,,,,
Borderlands: Game of the Year Edition ‚úî,‚Ç¨29.99,‚Ç¨29.99,‚Ç¨0.00,,,,,,,,,,,
Borderlands 3 ‚úî,‚Ç¨114.98,‚Ç¨114.98,‚Ç¨0.00,,,,,,,,,,,
Bridge Constructor,‚Ç¨9.99,‚Ç¨3.99,‚Ç¨6.00,VITA ,,,,,,,,,,
Broforce ‚úî,‚Ç¨14.99,‚Ç¨4.99,‚Ç¨10.00,,,,,,,,,,,
Broken Age,‚Ç¨14.99,‚Ç¨6.99,‚Ç¨8.00,VITA ,,,,,,,,,,
Brothers: A Tale of Two Sons,‚Ç¨19.99,‚Ç¨4.99,‚Ç¨15.00,,,,,,,,,,,
Bully ‚úî,‚Ç¨23.98,‚Ç¨15.98,‚Ç¨8.00,PS3,,,,,,,,,,
Burnout Paradise: Remastered,‚Ç¨39.98,‚Ç¨9.99,‚Ç¨29.99,PS3,,,,,,,,,,
Castle Crashers: Remastered,‚Ç¨30.98,‚Ç¨30.98,‚Ç¨0.00,PS3,,,,,,,,,,
Castlevania Requiem: Symphony of the Night and Rondo of Blood (+1),‚Ç¨29.98,‚Ç¨8.99,‚Ç¨20.99,PS3,,,,,,,,,,
Catherine: Full Body,‚Ç¨79.98,‚Ç¨79.98,‚Ç¨0.00,PS3,,,,,,,,,,
Cel Damage HD ‚úî,‚Ç¨13.98,‚Ç¨7.98,‚Ç¨6.00,PS3,,,,,,,,,,
Celeste,‚Ç¨19.99,‚Ç¨11.99,‚Ç¨8.00,,,,,,,,,,,
Chicken Police: Paint It Red,‚Ç¨19.99,‚Ç¨13.99,‚Ç¨6.00,,,,,,,,,,,
Child Of Light,‚Ç¨14.99,‚Ç¨4.99,‚Ç¨10.00,PS3,,,,,,,,,,
Chime Sharp,‚Ç¨9.99,‚Ç¨2.99,‚Ç¨7.00,,,,,,,,,,,
Cities: Skylines,‚Ç¨139.98,‚Ç¨84.98,‚Ç¨55.00,,,,,,,,,,,
Claire,‚Ç¨16.99,‚Ç¨4.99,‚Ç¨12.00,VITA,,,,,,,,,,
Cloudpunk ‚úî,‚Ç¨24.99,‚Ç¨17.49,‚Ç¨7.50,,,,,,,,,,,
Color Slayer,‚Ç¨1.99,‚Ç¨1.99,‚Ç¨0.00,VITA,,,,,,,,,,
Concept Destruction ‚úî,‚Ç¨4.99,‚Ç¨3.24,‚Ç¨1.75,,,,,,,,,,,
Concrete Genie ‚úî,‚Ç¨29.99,‚Ç¨23.99,‚Ç¨6.00,VR üíé,,,,,,,,,,
Cosmophony,‚Ç¨4.99,‚Ç¨1.99,‚Ç¨3.00,PS3 & VITA,,,,,,,,,,
CounterSpy,‚Ç¨12.99,‚Ç¨3.99,‚Ç¨9.00,PS3 & VITA,,,,,,,,,,
Crash Bandicoot N Sane Trilogy (+2) ‚úî,‚Ç¨39.99,‚Ç¨39.99,‚Ç¨0.00,,,,,,,,,,,
Crash Bandicoot 4: It's About Time üéÅü•≥‚úî,‚Ç¨69.99,‚Ç¨0.00,‚Ç¨69.99,,,,,,,,,,,
Crash Team Racing: Nitro Fueled ‚úî,‚Ç¨59.99,‚Ç¨59.99,‚Ç¨0.00,,,,,,,,,,,
Croixleur Sigma,‚Ç¨13.99,‚Ç¨4.99,‚Ç¨9.00,VITA,,,,,,,,,,
Cyberpunk 2077,‚Ç¨49.99,‚Ç¨33.49,‚Ç¨16.50,,,,,,,,,,,
Danger Zone,‚Ç¨10.99,‚Ç¨2.99,‚Ç¨8.00,,,,,,,,,,,
Dangerous Driving,‚Ç¨29.99,‚Ç¨7.49,‚Ç¨22.50,,,,,,,,,,,
Dangerous Golf,‚Ç¨7.99,‚Ç¨2.99,‚Ç¨5.00,,,,,,,,,,,
Dark Chronicle,‚Ç¨14.99,‚Ç¨14.99,‚Ç¨0.00,,,,,,,,,,,
Dark Cloud,‚Ç¨14.99,‚Ç¨8.99,‚Ç¨6.00,,,,,,,,,,,
Dark Souls II: Scholar of the First Sin,‚Ç¨19.99,‚Ç¨9.99,‚Ç¨10.00,,,,,,,,,,,
Dark Souls III,‚Ç¨49.99,‚Ç¨11.99,‚Ç¨38.00,,,,,,,,,,,
Dark Souls Remastered,‚Ç¨39.99,‚Ç¨14.79,‚Ç¨25.20,,,,,,,,,,,
Day Of The Tentacle Remastered,‚Ç¨14.99,‚Ç¨4.74,‚Ç¨10.25,VITA,,,,,,,,,,
Days Gone ‚≠ê‚úî,‚Ç¨69.99,‚Ç¨0.00,‚Ç¨69.99,,,,,,,,,,,
Dead Island: Retro Revenge,‚Ç¨4.99,‚Ç¨2.99,‚Ç¨2.00,,,,,,,,,,,
Dead or Alive 5: Last Round ‚úî,‚Ç¨59.98,‚Ç¨33.98,‚Ç¨26.00,PS3 & VITA,,,,,,,,,,
Dead Rising,‚Ç¨19.99,‚Ç¨4.99,‚Ç¨15.00,,,,,,,,,,,
Deadpool ‚úî,‚Ç¨39.99,‚Ç¨19.99,‚Ç¨20.00,,,,,,,,,,,
Death Squared,‚Ç¨13.99,‚Ç¨6.99,‚Ç¨7.00,,,,,,,,,,,
Destiny 2,‚Ç¨0.00,‚Ç¨0.00,‚Ç¨0.00,,,,,,,,,,,
Destroy All Humans! ‚úî,‚Ç¨19.99,‚Ç¨7.99,‚Ç¨12.00,,,,,,,,,,,
Destroy All Humans! Remake ‚úî,‚Ç¨39.99,‚Ç¨31.99,‚Ç¨8.00,,,,,,,,,,,
Destroy All Humans! 2 ‚úî,‚Ç¨19.99,‚Ç¨7.99,‚Ç¨12.00,,,,,,,,,,,
Detroit: Become Human ‚≠ê‚úî,‚Ç¨29.99,‚Ç¨0.00,‚Ç¨29.99,,,,,,,,,,,
Devil May Cry Trilogy HD Collection (+2),‚Ç¨21.99,‚Ç¨10.99,‚Ç¨11.00,,,,,,,,,,,
Devil May Cry 4,‚Ç¨22.99,‚Ç¨10.99,‚Ç¨12.00,,,,,,,,,,,
Devil May Cry 5,‚Ç¨49.99,‚Ç¨44.99,‚Ç¨5.00,,,,,,,,,,,
Dex,‚Ç¨19.99,‚Ç¨9.99,‚Ç¨10.00,VITA,,,,,,,,,,
Disney Classic Games: Aladdin & The Lion King (+1),‚Ç¨34.99,‚Ç¨34.99,‚Ç¨0.00,,,,,,,,,,,
Doki-Doki Universe,‚Ç¨7.49,‚Ç¨1.99,‚Ç¨5.50,PS3 & VITA,,,,,,,,,,
Donut County ‚úî,‚Ç¨12.99,‚Ç¨6.49,‚Ç¨6.50,,,,,,,,,,,
Downwell,‚Ç¨4.99,‚Ç¨1.99,‚Ç¨3.00,VITA,,,,,,,,,,
DreamBall,‚Ç¨5.99,‚Ç¨5.99,‚Ç¨0.00,,,,,,,,,,,
Dreams,‚Ç¨39.99,‚Ç¨29.99,‚Ç¨10.00,,,,,,,,,,,
Duke Nukem 3D,‚Ç¨22.98,‚Ç¨8.98,‚Ç¨14.00,PS3 & VITA,,,,,,,,,,
Entwined,‚Ç¨7.99,‚Ç¨1.99,‚Ç¨6.00,PS3 & VITA,,,,,,,,,,
Escape Plan,‚Ç¨19.99,‚Ç¨19.99,‚Ç¨0.00,PS3 & VITA,,,,,,,,,,
Everybody's Golf,‚Ç¨75.93,‚Ç¨55.93,‚Ç¨20.00,,,,,,,,,,,
Evil Inside ‚úî,‚Ç¨12.99,‚Ç¨9.09,‚Ç¨3.90,,,,,,,,,,,
F1 2021 ü•≥üéÅ‚úî,‚Ç¨69.99,‚Ç¨0.00,‚Ç¨69.99,,,,,,,,,,,
Fall Guys: Ultimate Knockout ‚≠ê‚úî,‚Ç¨19.99,‚Ç¨0.00,‚Ç¨19.99,,,,,,,,,,,
Fallout 4 ‚úî,‚Ç¨19.99,‚Ç¨12.99,‚Ç¨7.00,,,,,,,,,,,
Far Cry 3 ‚úî,‚Ç¨29.99,‚Ç¨17.99,‚Ç¨12.00,,,,,,,,,,,
Far Cry 4 ‚úî,‚Ç¨24.99,‚Ç¨7.99,‚Ç¨17.00,,,,,,,,,,,
Far Cry 5 ‚úî,‚Ç¨99.98,‚Ç¨49.98,‚Ç¨50.00,,,,,,,,,,,
Far Cry: New Dawn ‚úî,‚Ç¨54.99,‚Ç¨27.49,‚Ç¨27.50,,,,,,,,,,,
Far Cry: Primal,‚Ç¨24.99,‚Ç¨7.99,‚Ç¨17.00,,,,,,,,,,,
Fat Princess Adventures ‚úî,‚Ç¨19.99,‚Ç¨9.99,‚Ç¨10.00,,,,,,,,,,,
Fez,‚Ç¨9.99,‚Ç¨1.99,‚Ç¨8.00,PS3 & VITA,,,,,,,,,,
FIFA 18 ‚úî,‚Ç¨69.99,‚Ç¨69.99,‚Ç¨0.00,,,,,,,,,,,
FIFA 19 ‚úî,‚Ç¨69.99,‚Ç¨39.89,‚Ç¨30.10,,,,,,,,,,,
FIFA 20 ‚úî,‚Ç¨69.99,‚Ç¨27.99,‚Ç¨42.00,,,,,,,,,,,
FIFA 21 ‚úî,‚Ç¨89.99,‚Ç¨24.29,‚Ç¨65.70,,,,,,,,,,,
Final Fantasy X/X-2 HD Remaster (+1),‚Ç¨29.99,‚Ç¨14.99,‚Ç¨15.00,,,,,,,,,,,
Final Fantasy XV: Royal Edition ‚≠ê,‚Ç¨34.99,‚Ç¨0.00,‚Ç¨34.99,,,,,,,,,,,
First Class Trouble ‚≠ê,‚Ç¨19.99,‚Ç¨0.00,‚Ç¨19.99,,,,,,,,,,,
Flockers,‚Ç¨24.99,‚Ç¨4.99,‚Ç¨20.00,,,,,,,,,,,
flOw,‚Ç¨4.99,‚Ç¨1.99,‚Ç¨3.00,PS3 & VITA,,,,,,,,,,
Flower,‚Ç¨7.99,‚Ç¨1.99,‚Ç¨6.00,PS3 & VITA,,,,,,,,,,
forma.8,‚Ç¨9.99,‚Ç¨2.99,‚Ç¨7.00,VITA,,,,,,,,,,
Fortnite ‚úî,‚Ç¨0.00,‚Ç¨0.00,‚Ç¨0.00,,,,,,,,,,,
Futuridium,‚Ç¨9.99,‚Ç¨2.99,‚Ç¨7.00,VITA,,,,,,,,,,
Game Of Thrones TTG ‚úî,‚Ç¨14.99,‚Ç¨14.99,‚Ç¨0.00,,,,,,,,,,,
Genshin Impact,‚Ç¨0.00,‚Ç¨0.00,‚Ç¨0.00,,,,,,,,,,,
Geometry Wars 3: Dimensions Evolved,‚Ç¨14.99,‚Ç¨3.99,‚Ç¨11.00,,,,,,,,,,,
Ghost Blade HD,‚Ç¨8.99,‚Ç¨3.99,‚Ç¨5.00,,,,,,,,,,,
Ghost of Tsushima ‚úî,‚Ç¨69.99,‚Ç¨49.69,‚Ç¨20.30,,,,,,,,,,,
Goat Simulator ‚úî,‚Ç¨31.95,‚Ç¨18.55,‚Ç¨13.40,,,,,,,,,,,
God of War ‚≠ê‚úî,‚Ç¨19.99,‚Ç¨0.00,‚Ç¨19.99,,,,,,,,,,,
God of War III Remastered,‚Ç¨19.99,‚Ç¨9.99,‚Ç¨10.00,,,,,,,,,,,
Godfall ‚≠ê ,‚Ç¨14.99,‚Ç¨0.00,‚Ç¨14.99,,,,,,,,,,,
Grand Ages: Medieval,‚Ç¨39.99,‚Ç¨3.99,‚Ç¨36.00,,,,,,,,,,,
Grand Theft Auto III ‚úî,‚Ç¨10.99,‚Ç¨5.99,‚Ç¨5.00,,,,,,,,,,,
Grand Theft Auto V ‚úî,‚Ç¨69.99,‚Ç¨24.99,‚Ç¨45.00,PS3,,,,,,,,,,
Grand Theft Auto: San Andreas ‚úî,‚Ç¨12.00,‚Ç¨7.00,‚Ç¨5.00,,,,,,,,,,,
Grand Theft Auto: Vice City,‚Ç¨12.00,‚Ç¨7.00,‚Ç¨5.00,,,,,,,,,,,
Grim Fandango Remastered,‚Ç¨14.99,‚Ç¨3.99,‚Ç¨11.00,VITA,,,,,,,,,,
Hatoful Boyfriend,‚Ç¨9.99,‚Ç¨2.99,‚Ç¨7.00,VITA,,,,,,,,,,
Heart&Slash,‚Ç¨19.99,‚Ç¨3.99,‚Ç¨16.00,,,,,,,,,,,
Heavy Rain,‚Ç¨22.99,‚Ç¨8.99,‚Ç¨14.00,PS3 üìÄ,,,,,,,,,,
Hell Let Loose ‚≠ê,‚Ç¨39.99,‚Ç¨0.00,‚Ç¨39.99,,,,,,,,,,,
Helldivers,‚Ç¨29.99,‚Ç¨29.99,‚Ç¨0.00,PS3 & VITA,,,,,,,,,,
Hitman 2 ‚≠ê,‚Ç¨69.99,‚Ç¨0.00,‚Ç¨69.99,,,,,,,,,,,
Hohokum,‚Ç¨12.99,‚Ç¨3.99,‚Ç¨9.00,PS3 & VITA,,,,,,,,,,
Hollow Knight: Voidheart Edition ‚≠ê,‚Ç¨14.49,‚Ç¨0.00,‚Ç¨14.49,,,,,,,,,,,
Home,‚Ç¨4.99,‚Ç¨1.99,‚Ç¨3.00,VITA,,,,,,,,,,
HoPiKo,‚Ç¨6.99,‚Ç¨1.99,‚Ç¨5.00,,,,,,,,,,,
Horizon Zero Dawn ‚úî,‚Ç¨34.98,‚Ç¨27.98,‚Ç¨7.00,,,,,,,,,,,
Hotline Miami,‚Ç¨0.00,‚Ç¨0.00,‚Ç¨0.00,PS3 & VITA,,,,,,,,,,
inFamous First Light,‚Ç¨14.99,‚Ç¨7.99,‚Ç¨7.00,,,,,,,,,,,
inFamous Second Son,‚Ç¨14.99,‚Ç¨6.99,‚Ç¨8.00,,,,,,,,,,,
Infliction: Extended Cut ‚úî,‚Ç¨17.99,‚Ç¨8.99,‚Ç¨9.00,,,,,,,,,,,
Injustice: Gods Among Us,‚Ç¨59.99,‚Ç¨9.59,‚Ç¨50.40,,,,,,,,,,,
Jak 3 ‚úî,‚Ç¨26.98,‚Ç¨26.98,‚Ç¨0.00,PS3 & VITA,,,,,,,,,,
Jak and Daxter: The Precursor Legacy ‚úî,‚Ç¨26.98,‚Ç¨26.98,‚Ç¨0.00,PS3 & VITA,,,,,,,,,,
Jak II ‚úî,‚Ç¨24.97,‚Ç¨24.97,‚Ç¨0.00,PS3 & VITA,,,,,,,,,,
Jak X ‚úî,‚Ç¨9.99,‚Ç¨9.99,‚Ç¨0.00,,,,,,,,,,,
Jazzpunk: Director's Cut,‚Ç¨17.99,‚Ç¨4.99,‚Ç¨13.00,,,,,,,,,,,
Jetpack Joyride,‚Ç¨5.58,‚Ç¨3.98,‚Ç¨1.60,VITA,,,,,,,,,,
Journey,‚Ç¨14.99,‚Ç¨14.99,‚Ç¨0.00,PS3,,,,,,,,,,
Katamari Damacy: Reroll ‚úî,‚Ç¨49.98,‚Ç¨40.98,‚Ç¨9.00,VITA,,,,,,,,,,
Kerbal Space Program,‚Ç¨39.99,‚Ç¨19.99,‚Ç¨20.00,,,,,,,,,,,
Kingdom Hearts HD 1.5 & 2.5 (+5) ‚úî,‚Ç¨36.99,‚Ç¨12.10,‚Ç¨24.89,,,,,,,,,,,
Kingdom Hearts HD 2.8 Final Chapter Prologue (+2) ‚úî,‚Ç¨36.99,‚Ç¨12.10,‚Ç¨24.89,,,,,,,,,,,
Kingdom Hearts III ‚úî,‚Ç¨35.99,‚Ç¨12.09,‚Ç¨23.90,,,,,,,,,,,
Kingdoms of Amalur: Re-Reckoning ‚≠ê,‚Ç¨39.99,‚Ç¨0.00,‚Ç¨39.99,,,,,,,,,,,
Knockout City ‚≠ê,‚Ç¨19.99,‚Ç¨0.00,‚Ç¨19.99,,,,,,,,,,,
LA Cops,‚Ç¨13.99,‚Ç¨2.99,‚Ç¨11.00,,,,,,,,,,,
LEGO City Undercover,‚Ç¨59.99,‚Ç¨16.99,‚Ç¨43.00,,,,,,,,,,,
LEGO DC Super-Villains ‚≠ê,‚Ç¨59.99,‚Ç¨0.00,‚Ç¨59.99,,,,,,,,,,,
LEGO Harry Potter Collection (+1),‚Ç¨39.99,‚Ç¨19.99,‚Ç¨20.00,VITA,,,,,,,,,,
LEGO Marvel,‚Ç¨39.99,‚Ç¨9.99,‚Ç¨30.00,,,,,,,,,,,
Lichtspeer,‚Ç¨9.99,‚Ç¨5.99,‚Ç¨4.00,VITA,,,,,,,,,,
Life Is Strange ‚úî,‚Ç¨16.99,‚Ç¨5.99,‚Ç¨11.00,PS3,,,,,,,,,,
LittleBigPlanet 3,‚Ç¨19.99,‚Ç¨9.99,‚Ç¨10.00,,,,,,,,,,,
LocoRoco,‚Ç¨14.99,‚Ç¨14.99,‚Ç¨0.00,,,,,,,,,,,
Lovers In A Dangerous Spacetime ‚úî,‚Ç¨14.99,‚Ç¨4.99,‚Ç¨10.00,,,,,,,,,,,
LUMO,‚Ç¨17.99,‚Ç¨9.99,‚Ç¨8.00,VITA,,,,,,,,,,
Mafia: Definitive Edition ‚úî,‚Ç¨39.99,‚Ç¨29.99,‚Ç¨10.00,,,,,,,,,,,
Mafia III,‚Ç¨39.99,‚Ç¨9.99,‚Ç¨30.00,,,,,,,,,,,
Maneater ‚≠ê‚úî,‚Ç¨39.99,‚Ç¨19.99,‚Ç¨20.00,,,,,,,,,,,
Manhunt ‚úî,‚Ç¨13.99,‚Ç¨5.99,‚Ç¨8.00,,,,,,,,,,,
Manual Samuel ‚úî,‚Ç¨9.99,‚Ç¨4.99,‚Ç¨5.00,,,,,,,,,,,
Maquette ‚úî,‚Ç¨17.99,‚Ç¨14.39,‚Ç¨3.60,,,,,,,,,,,
Marvel's Guardians Of The Galaxy TTG ‚úî,‚Ç¨14.99,‚Ç¨14.99,‚Ç¨0.00,,,,,,,,,,,
Marvel's Spider-Man ü•≥üéÅ‚úî,‚Ç¨79.99,‚Ç¨0.00,‚Ç¨79.99,,,,,,,,,,,
Mass Effect: Legendary Edition,‚Ç¨69.99,‚Ç¨44.79,‚Ç¨25.20,,,,,,,,,,,
Max Payne,‚Ç¨13.99,‚Ç¨5.99,‚Ç¨8.00,,,,,,,,,,,
MediEvil ‚úî,‚Ç¨29.99,‚Ç¨29.99,‚Ç¨0.00,,,,,,,,,,,
Mega Man Legacy Collection (+5),‚Ç¨14.99,‚Ç¨7.99,‚Ç¨7.00,,,,,,,,,,,
Mega Man Legacy Collection 2 (+3),‚Ç¨14.99,‚Ç¨7.99,‚Ç¨7.00,,,,,,,,,,,
Mega Man X Legacy Collection (+3),‚Ç¨19.99,‚Ç¨11.99,‚Ç¨8.00,,,,,,,,,,,
Mega Man X Legacy Collection 2 (+3),‚Ç¨19.99,‚Ç¨11.99,‚Ç¨8.00,,,,,,,,,,,
Metal Gear Solid V: The Phantom Pain ‚úî,‚Ç¨29.99,‚Ç¨7.49,‚Ç¨22.50,,,,,,,,,,,
Metro Exodus ‚≠ê,‚Ç¨39.99,‚Ç¨9.99,‚Ç¨30.00,,,,,,,,,,,
Metro Redux (+1),‚Ç¨29.99,‚Ç¨4.49,‚Ç¨25.50,,,,,,,,,,,
Micro Machines World Series ‚úî,‚Ç¨39.99,‚Ç¨26.99,‚Ç¨13.00,,,,,,,,,,,
Minutes,‚Ç¨4.49,‚Ç¨3.49,‚Ç¨1.00,VITA,,,,,,,,,,
Monopoly Family Fun Pack,‚Ç¨29.99,‚Ç¨19.99,‚Ç¨10.00,,,,,,,,,,,
Monster Hunter World: Iceborne ‚≠ê,‚Ç¨19.99,‚Ç¨0.00,‚Ç¨19.99,,,,,,,,,,,
Mortal Kombat X ‚≠ê,‚Ç¨19.99,‚Ç¨0.00,‚Ç¨19.99,,,,,,,,,,,
Mortal Shell ‚≠ê,‚Ç¨29.99,‚Ç¨0.00,‚Ç¨29.99,,,,,,,,,,,
Mother Russia Bleeds ‚úî,‚Ç¨12.99,‚Ç¨4.49,‚Ç¨8.50,,,,,,,,,,,
Ninja Senki DX,‚Ç¨5.99,‚Ç¨1.99,‚Ç¨4.00,VITA,,,,,,,,,,
Nitroplus Blasterz: Heroines Infinite Duel,‚Ç¨19.99,‚Ç¨14.99,‚Ç¨5.00,,,,,,,,,,,
No Man's Sky ‚≠ê,‚Ç¨49.99,‚Ç¨24.99,‚Ç¨25.00,,,,,,,,,,,
Octodad: Dadliest Catch ‚úî,‚Ç¨13.99,‚Ç¨7.00,‚Ç¨6.99,VITA,,,,,,,,,,
Oddworld: New 'n' Tasty ‚úî,‚Ç¨23.58,‚Ç¨20.98,‚Ç¨2.60,PS3 & VITA,,,,,,,,,,
Oddworld: Soulstorm,‚Ç¨49.99,‚Ç¨49.99,‚Ç¨0.00,,,,,,,,,,,
OlliOlli: Epic Combo Edition,‚Ç¨24.99,‚Ç¨9.99,‚Ç¨15.00,VITA ,,,,,,,,,,
OlliOlli 2,‚Ç¨12.99,‚Ç¨6.49,‚Ç¨6.50,VITA ,,,,,,,,,,
One Escape ‚úî,‚Ç¨4.99,‚Ç¨3.49,‚Ç¨1.50,,,,,,,,,,,
One Piece Unlimited World Red,‚Ç¨79.98,‚Ç¨18.98,‚Ç¨61.00,VITA,,,,,,,,,,
Outbreak: Epidemic ‚úî,‚Ç¨14.99,‚Ç¨8.24,‚Ç¨6.75,,,,,,,,,,,
Outlast,‚Ç¨18.99,‚Ç¨3.79,‚Ç¨15.20,,,,,,,,,,,
Ovivo ‚úî,‚Ç¨6.99,‚Ç¨2.79,‚Ç¨4.20,,,,,,,,,,,
Oxenfree,‚Ç¨9.99,‚Ç¨4.99,‚Ç¨5.00,,,,,,,,,,,
Pac-Man 256 ‚úî,‚Ç¨4.99,‚Ç¨4.99,‚Ç¨0.00,,,,,,,,,,,
PaRappa The Rapper Remastered ‚úî,‚Ç¨14.99,‚Ç¨14.99,‚Ç¨0.00,,,,,,,,,,,
PaRappa The Rapper 2 ‚úî,‚Ç¨9.99,‚Ç¨5.99,‚Ç¨4.00,,,,,,,,,,,
Party Hard ‚úî,‚Ç¨12.99,‚Ç¨4.99,‚Ç¨8.00,,,,,,,,,,,
Persona 5,‚Ç¨69.99,‚Ç¨34.99,‚Ç¨35.00,,,,,,,,,,,
PGA Tour 2K21 ‚≠ê,‚Ç¨59.99,‚Ç¨0.00,‚Ç¨59.99,,,,,,,,,,,
Pic-A-Pix Color,‚Ç¨7.99,‚Ç¨3.99,‚Ç¨4.00,VITA,,,,,,,,,,
PixelJunk Shooter Ultimate,‚Ç¨11.99,‚Ç¨2.99,‚Ç¨9.00,VITA,,,,,,,,,,
Poltergeist: A Pixelated Horror,‚Ç¨7.99,‚Ç¨2.99,‚Ç¨5.00,VITA,,,,,,,,,,
Polybius,‚Ç¨16.99,‚Ç¨4.99,‚Ç¨12.00,VR üíé ,,,,,,,,,,
Psychonauts ‚úî,‚Ç¨10.99,‚Ç¨7.99,‚Ç¨3.00,,,,,,,,,,,
Psychonauts 2 ‚úî,‚Ç¨59.99,‚Ç¨41.99,‚Ç¨18.00,,,,,,,,,,,
Pumped BMX+,‚Ç¨9.99,‚Ç¨2.99,‚Ç¨7.00,PS3 & VITA,,,,,,,,,,
Putty Squad ‚úî,‚Ç¨24.99,‚Ç¨6.99,‚Ç¨18.00,,,,,,,,,,,
Quest Of Dungeons,‚Ç¨8.99,‚Ç¨3.99,‚Ç¨5.00,,,,,,,,,,,
Rally Copters,‚Ç¨10.99,‚Ç¨10.99,‚Ç¨0.00,VITA,,,,,,,,,,
Ratchet & Clank ‚úî,‚Ç¨39.99,‚Ç¨16.49,‚Ç¨23.50,,,,,,,,,,,
Ratchet & Clank: Rift Apart üéÑüéÅ,‚Ç¨79.99,‚Ç¨0.00,‚Ç¨79.99,,,,,,,,,,,
Rayman Legends ‚úî,‚Ç¨39.98,‚Ç¨26.99,‚Ç¨12.99,PS3 & VITA,,,,,,,,,,
Red Dead Redemption 2 ‚úî,‚Ç¨69.99,‚Ç¨34.99,‚Ç¨35.00,,,,,,,,,,,
Red Dead Revolver,‚Ç¨13.99,‚Ç¨5.99,‚Ç¨8.00,,,,,,,,,,,
Resident Evil: Re:Verse,‚Ç¨0.00,‚Ç¨0.00,‚Ç¨0.00,,,,,,,,,,,
Resident Evil: Resistance,‚Ç¨0.00,‚Ç¨0.00,‚Ç¨0.00,,,,,,,,,,,
Resident Evil 0,‚Ç¨19.99,‚Ç¨4.99,‚Ç¨15.00,,,,,,,,,,,
Resident Evil,‚Ç¨19.99,‚Ç¨4.99,‚Ç¨15.00,,,,,,,,,,,
Resident Evil 2 ‚úî,‚Ç¨59.99,‚Ç¨59.99,‚Ç¨0.00,,,,,,,,,,,
Resident Evil 3 ‚úî,‚Ç¨59.99,‚Ç¨19.79,‚Ç¨40.20,,,,,,,,,,,
Resident Evil 4 ‚úî,‚Ç¨19.99,‚Ç¨7.99,‚Ç¨12.00,,,,,,,,,,,
Resident Evil 5,‚Ç¨19.99,‚Ç¨7.99,‚Ç¨12.00,,,,,,,,,,,
Resident Evil 6,‚Ç¨19.99,‚Ç¨7.99,‚Ç¨12.00,,,,,,,,,,,
Resident Evil 7,‚Ç¨49.98,‚Ç¨26.98,‚Ç¨23.00,VR üíé ,,,,,,,,,,
Resident Evil Revelations ‚úî,‚Ç¨19.99,‚Ç¨7.49,‚Ç¨12.50,,,,,,,,,,,
Resident Evil Revelations 2,‚Ç¨19.99,‚Ç¨7.49,‚Ç¨12.50,,,,,,,,,,,
Resident Evil Village,‚Ç¨69.99,‚Ç¨39.89,‚Ç¨30.10,,,,,,,,,,,
RESOGUN,‚Ç¨12.99,‚Ç¨3.99,‚Ç¨9.00,PS3 & VITA,,,,,,,,,,
Retro City Rampage DX,‚Ç¨9.99,‚Ç¨4.99,‚Ç¨5.00,PS3 & VITA,,,,,,,,,,
Riptide GP: Renegade,‚Ç¨9.99,‚Ç¨3.99,‚Ç¨6.00,,,,,,,,,,,
Rise Of The Tomb Raider ‚úî,‚Ç¨29.99,‚Ç¨14.99,‚Ç¨15.00,VR üíé ,,,,,,,,,,
Risk Of Rain,‚Ç¨8.99,‚Ç¨3.99,‚Ç¨5.00,VITA,,,,,,,,,,
Road Redemption,‚Ç¨19.99,‚Ç¨7.99,‚Ç¨12.00,,,,,,,,,,,
Rock Boshers DX: Director's Cut ‚úî,‚Ç¨5.49,‚Ç¨5.49,‚Ç¨0.00,VITA,,,,,,,,,,
Rocket League ‚úî,‚Ç¨34.58,‚Ç¨26.58,‚Ç¨8.00,,,,,,,,,,,
Rocketbirds 2: Evolution,‚Ç¨12.99,‚Ç¨12.99,‚Ç¨0.00,VITA,,,,,,,,,,
Rogue Company,‚Ç¨0.00,‚Ç¨0.00,‚Ç¨0.00,,,,,,,,,,,
Rogue Legacy,‚Ç¨12.99,‚Ç¨4.99,‚Ç¨8.00,PS3 & VITA,,,,,,,,,,
Rollercoaster Dreams,‚Ç¨20.99,‚Ç¨9.99,‚Ç¨11.00,VR üíé,,,,,,,,,,
Saints Row The Third: Remastered ‚úî,‚Ç¨49.98,‚Ç¨39.98,‚Ç¨10.00,PS3,,,,,,,,,,
Saints Row IV: Re-Elected ‚úî,‚Ç¨34.98,‚Ç¨7.49,‚Ç¨27.49,PS3 üìÄ,,,,,,,,,,
Saints Row IV: Gat out of Hell,‚Ç¨19.99,‚Ç¨7.99,‚Ç¨12.00,,,,,,,,,,,
Sekiro: Shadows Die Twice,‚Ç¨69.99,‚Ç¨45.49,‚Ç¨24.50,,,,,,,,,,,
Shantae and The Pirate's Curse ‚úî,‚Ç¨19.99,‚Ç¨19.99,‚Ç¨0.00,PS5 TBC,,,,,,,,,,
Shing! ‚úî,‚Ç¨19.99,‚Ç¨4.99,‚Ç¨15.00,,,,,,,,,,,
ShredIt ‚úî,‚Ç¨8.99,‚Ç¨5.49,‚Ç¨3.50,,,,,,,,,,,
Sir Lovelot ‚úî,‚Ç¨9.99,‚Ç¨6.99,‚Ç¨3.00,,,,,,,,,,,
Slain,‚Ç¨14.99,‚Ç¨4.99,‚Ç¨10.00,VITA,,,,,,,,,,
Sleeping Dogs,‚Ç¨29.99,‚Ç¨4.49,‚Ç¨25.50,,,,,,,,,,,
Slender: The Arrival,‚Ç¨9.99,‚Ç¨1.49,‚Ç¨8.50,,,,,,,,,,,
Sonic Mania,‚Ç¨24.98,‚Ç¨24.98,‚Ç¨0.00,,,,,,,,,,,
SoulCalibur VI,‚Ç¨99.99,‚Ç¨99.99,‚Ç¨0.00,,,,,,,,,,,
Sound Shapes,‚Ç¨14.99,‚Ç¨3.99,‚Ç¨11.00,PS3 & VITA,,,,,,,,,,
South Park: The Fractured But Whole ‚úî,‚Ç¨96.94,‚Ç¨57.94,‚Ç¨39.00,,,,,,,,,,,
South Park: The Stick of Truth ‚úî,‚Ç¨0.00,‚Ç¨0.00,‚Ç¨0.00,,,,,,,,,,,
Spacebase Startopia ,‚Ç¨49.99,‚Ç¨29.99,‚Ç¨20.00,,,,,,,,,,,
Spirit of the North: Enhanced Edition,‚Ç¨24.99,‚Ç¨12.49,‚Ç¨12.50,,,,,,,,,,,
SpongeBob Squarepants: Battle for Bikini Bottom - Rehydrated ‚úî,‚Ç¨29.99,‚Ç¨17.99,‚Ç¨12.00,,,,,,,,,,,
Spyro Reignited Trilogy (+2) ‚úî,‚Ç¨39.99,‚Ç¨39.99,‚Ç¨0.00,,,,,,,,,,,
Star Wars Episode I: Racer ‚úî,‚Ç¨14.99,‚Ç¨9.74,‚Ç¨5.25,,,,,,,,,,,
Stealth Inc: A Clone In The Dark,‚Ç¨8.49,‚Ç¨2.49,‚Ç¨6.00,PS3 & VITA,,,,,,,,,,
Stealth Inc 2: A Game Of Clones,‚Ç¨8.49,‚Ç¨2.49,‚Ç¨6.00,PS3 & VITA,,,,,,,,,,
SteamWorld Dig,‚Ç¨8.99,‚Ç¨1.99,‚Ç¨7.00,VITA,,,,,,,,,,
SteamWorld Heist,‚Ç¨14.99,‚Ç¨9.99,‚Ç¨5.00,VITA,,,,,,,,,,
Stikbold! A Dodgeball Adventure,‚Ç¨9.99,‚Ç¨4.49,‚Ç¨5.50,,,,,,,,,,,
Stranded Deep ‚≠ê,‚Ç¨19.99,‚Ç¨0.00,‚Ç¨19.99,,,,,,,,,,,
Street Fighter 30th Anniversary Collection (+11),‚Ç¨39.99,‚Ç¨14.79,‚Ç¨25.20,,,,,,,,,,,
Subnautica ‚≠êüéÅ‚úî,‚Ç¨29.99,‚Ç¨0.00,‚Ç¨29.99,,,,,,,,,,,
Sumatra: Fate of Yandi ‚úî,‚Ç¨5.99,‚Ç¨4.19,‚Ç¨1.80,,,,,,,,,,,
Super Kickers League Ultimate ‚≠ê‚úî,‚Ç¨19.99,‚Ç¨5.99,‚Ç¨14.00,,,,,,,,,,,
Super Meat Boy!,‚Ç¨15.99,‚Ç¨5.59,‚Ç¨10.40,VITA,,,,,,,,,,
Super Stardust Ultra,‚Ç¨32.98,‚Ç¨17.98,‚Ç¨15.00,VR üíé,,,,,,,,,,
Superbeat: Xonic EX,‚Ç¨49.98,‚Ç¨12.98,‚Ç¨37.00,VITA,,,,,,,,,,
Surgeon Simulator,‚Ç¨30.98,‚Ç¨24.98,‚Ç¨6.00,VR üíé,,,,,,,,,,
Switch Galaxy Ultra,‚Ç¨10.99,‚Ç¨3.99,‚Ç¨7.00,VITA,,,,,,,,,,
Syrup and the Ultimate Sweet ‚úî,‚Ç¨4.99,‚Ç¨4.99,‚Ç¨0.00,VITA,,,,,,,,,,
Table Top Racing: World Tour ‚úî,‚Ç¨12.98,‚Ç¨12.98,‚Ç¨0.00,,,,,,,,,,,
Tales From The Borderlands TTG ‚úî,‚Ç¨29.98,‚Ç¨29.98,‚Ç¨0.00,PS3,,,,,,,,,,
Tearaway Unfolded,‚Ç¨19.99,‚Ç¨11.99,‚Ç¨8.00,,,,,,,,,,,
Tekken 7,‚Ç¨74.98,‚Ç¨29.98,‚Ç¨45.00,VR üíé,,,,,,,,,,
Tembo The Badass Elephant ‚úî,‚Ç¨12.99,‚Ç¨3.49,‚Ç¨9.50,,,,,,,,,,,
Tennis in the Face,‚Ç¨9.98,‚Ç¨9.98,‚Ç¨0.00,PS3 & VITA,,,,,,,,,,
Tennis World Tour 2 ‚≠ê,‚Ç¨49.99,‚Ç¨0.00,‚Ç¨49.99,,,,,,,,,,,
Terminator: Resistance Enhanced ‚≠ê,‚Ç¨44.99,‚Ç¨26.99,‚Ç¨18.00,,,,,,,,,,,
Terraria,‚Ç¨33.98,‚Ç¨15.49,‚Ç¨18.49,,,,,,,,,,,
Tethered,‚Ç¨28.49,‚Ç¨28.49,‚Ç¨0.00,VR üíé,,,,,,,,,,
Tetris Ultimate,‚Ç¨39.99,‚Ç¨5.99,‚Ç¨34.00,,,,,,,,,,,
That's You! ‚úî,‚Ç¨0.00,‚Ç¨0.00,‚Ç¨0.00,,,,,,,,,,,
The Binding of Isaac: Rebirth üéÑüéÅ,‚Ç¨14.99,‚Ç¨0.00,‚Ç¨14.99,VITA,,,,,,,,,,
The Bug Butcher,‚Ç¨9.99,‚Ç¨4.99,‚Ç¨5.00,,,,,,,,,,,
The Crew,‚Ç¨24.99,‚Ç¨11.99,‚Ç¨13.00,,,,,,,,,,,
The Darkside Detective,‚Ç¨12.99,‚Ç¨9.74,‚Ç¨3.25,,,,,,,,,,,
The Disney Afternoon Collection (+3),‚Ç¨19.99,‚Ç¨4.99,‚Ç¨15.00,,,,,,,,,,,
The Evil Within,‚Ç¨19.99,‚Ç¨5.99,‚Ç¨14.00,,,,,,,,,,,
The Flame in the Flood ‚úî,‚Ç¨14.99,‚Ç¨4.49,‚Ç¨10.50,,,,,,,,,,,
The Last Guardian ‚≠ê,‚Ç¨34.99,‚Ç¨0.00,‚Ç¨34.99,,,,,,,,,,,
The Last Of Us: Left Behind Remastered ‚úî,‚Ç¨9.99,‚Ç¨4.99,‚Ç¨5.00,,,,,,,,,,,
The Last Of Us Remastered ‚úî,‚Ç¨39.99,‚Ç¨39.99,‚Ç¨0.00,,,,,,,,,,,
The Last of Us Part II üéÅü•≥‚úî,‚Ç¨69.99,‚Ç¨0.00,‚Ç¨69.99,,,,,,,,,,,
The Swapper,‚Ç¨14.99,‚Ç¨3.99,‚Ç¨11.00,PS3 & VITA,,,,,,,,,,
The Unfinished Swan,‚Ç¨12.99,‚Ç¨2.99,‚Ç¨10.00,PS3 & VITA,,,,,,,,,,
The Walking Dead Season 1 TTG,‚Ç¨14.99,‚Ç¨5.99,‚Ç¨9.00,VITA,,,,,,,,,,
The Walking Dead Season 2 TTG,‚Ç¨14.99,‚Ç¨14.99,‚Ç¨0.00,,,,,,,,,,,
The Walking Dead Season 3 TTG,‚Ç¨29.99,‚Ç¨29.99,‚Ç¨0.00,,,,,,,,,,,
The Walking Dead Final Season TTG,‚Ç¨23.99,‚Ç¨23.99,‚Ç¨0.00,,,,,,,,,,,
The Witcher 3: Wild Hunt,‚Ç¨74.98,‚Ç¨24.98,‚Ç¨50.00,PS5 TBC,,,,,,,,,,
The Witness,‚Ç¨36.99,‚Ç¨8.44,‚Ç¨28.55,,,,,,,,,,,
The Wolf Among Us TTG ‚úî,‚Ç¨14.99,‚Ç¨14.99,‚Ç¨0.00,,,,,,,,,,,
This Is The Police,‚Ç¨19.99,‚Ç¨2.99,‚Ç¨17.00,,,,,,,,,,,
Thomas Was Alone,‚Ç¨7.99,‚Ç¨0.00,‚Ç¨7.99,PS3 & VITA,,,,,,,,,,
Titan Attacks!,‚Ç¨9.99,‚Ç¨9.99,‚Ç¨0.00,PS3 & VITA,,,,,,,,,,
ToeJam & Earl: Back In The Groove ‚úî,‚Ç¨18.89,‚Ç¨18.89,‚Ç¨0.00,,,,,,,,,,,
Tony Hawk's Pro Skater 1 + 2 Remake (+1) ‚úî,‚Ç¨54.99,‚Ç¨38.49,‚Ç¨16.50,,,,,,,,,,,
Touhou Double Focus,‚Ç¨19.99,‚Ç¨4.99,‚Ç¨15.00,,,,,,,,,,,
Trials Fusion: The Awesome MAX Edition,‚Ç¨39.99,‚Ç¨9.99,‚Ç¨30.00,,,,,,,,,,,
Trine Enchanted Edition,‚Ç¨9.99,‚Ç¨2.99,‚Ç¨7.00,,,,,,,,,,,
Trine 2: Complete Story,‚Ç¨9.99,‚Ç¨2.99,‚Ç¨7.00,,,,,,,,,,,
Trine 3: The Artifacts Of Power,‚Ç¨9.99,‚Ç¨1.99,‚Ç¨8.00,,,,,,,,,,,
Tropico 5,‚Ç¨24.99,‚Ç¨9.99,‚Ç¨15.00,,,,,,,,,,,
Trover Saves The Universe ü•≥üéÅ‚úî,‚Ç¨29.99,‚Ç¨0.00,‚Ç¨29.99,VR üíé ,,,,,,,,,,
Twin Robots: Ultimate Edition ‚úî,‚Ç¨7.99,‚Ç¨5.99,‚Ç¨2.00,,,,,,,,,,,
Twisted Metal: Black,‚Ç¨9.99,‚Ç¨4.99,‚Ç¨5.00,,,,,,,,,,,
Two Point Hospital,‚Ç¨56.98,‚Ç¨37.58,‚Ç¨19.40,,,,,,,,,,,
Typoman,‚Ç¨9.99,‚Ç¨6.99,‚Ç¨3.00,,,,,,,,,,,
Ultratron,‚Ç¨9.99,‚Ç¨9.99,‚Ç¨0.00,PS3 & VITA,,,,,,,,,,
Uncanny Valley ‚úî,‚Ç¨14.49,‚Ç¨3.62,‚Ç¨10.87,,,,,,,,,,,
Uncharted 3: Drake's Deception ‚úî,‚Ç¨22.16,‚Ç¨15.16,‚Ç¨7.00,,,,,,,,,,,
Uncharted 2: Among Thieves ‚úî,‚Ç¨22.15,‚Ç¨15.15,‚Ç¨7.00,,,,,,,,,,,
Uncharted 4: A Thief's End ‚úî,‚Ç¨69.99,‚Ç¨22.99,‚Ç¨47.00,,,,,,,,,,,
Uncharted: Drake's Fortune ‚úî,‚Ç¨22.15,‚Ç¨15.15,‚Ç¨7.00,,,,,,,,,,,
Uncharted: The Lost Legacy,‚Ç¨19.99,‚Ç¨17.99,‚Ç¨2.00,,,,,,,,,,,
Undertale,‚Ç¨14.99,‚Ç¨8.99,‚Ç¨6.00,VITA,,,,,,,,,,
Unravel,‚Ç¨19.99,‚Ç¨7.99,‚Ç¨12.00,,,,,,,,,,,
Until Dawn ‚úî,‚Ç¨34.99,‚Ç¨34.99,‚Ç¨0.00,,,,,,,,,,,
Untitled Goose Game ‚úî,‚Ç¨19.99,‚Ç¨14.99,‚Ç¨5.00,,,,,,,,,,,
Velocity 2X,‚Ç¨15.99,‚Ç¨6.40,‚Ç¨9.59,VITA,,,,,,,,,,
Viking Squad,‚Ç¨14.99,‚Ç¨5.99,‚Ç¨9.00,,,,,,,,,,,
Virtua Fighter 5: Ultimate Showdown ‚≠ê,‚Ç¨29.99,‚Ç¨0.00,‚Ç¨29.99,,,,,,,,,,,
Volume,‚Ç¨17.99,‚Ç¨4.99,‚Ç¨13.00,VITA & VR üíé,,,,,,,,,,
Warframe,‚Ç¨0.00,‚Ç¨0.00,‚Ç¨0.00,,,,,,,,,,,
Watch_Dogs ‚úî,‚Ç¨19.99,‚Ç¨7.99,‚Ç¨12.00,,,,,,,,,,,
Watch_Dogs 2 ‚úî,‚Ç¨69.99,‚Ç¨14.99,‚Ç¨55.00,,,,,,,,,,,
Watch Dogs: Legion ‚úî,‚Ç¨69.99,‚Ç¨34.99,‚Ç¨35.00,,,,,,,,,,,
Wipeout Omega Collection (+1),‚Ç¨44.98,‚Ç¨9.99,‚Ç¨34.99,PS3 & VR üíé,,,,,,,,,,
Worms Battlegrounds,‚Ç¨17.49,‚Ç¨8.99,‚Ç¨8.50,,,,,,,,,,,
Worms Rumble,‚Ç¨14.99,‚Ç¨9.74,‚Ç¨5.25,,,,,,,,,,,
Worms WMD,‚Ç¨17.49,‚Ç¨8.99,‚Ç¨8.50,,,,,,,,,,,
WRC 6,‚Ç¨19.99,‚Ç¨12.99,‚Ç¨7.00,,,,,,,,,,,
Wreckfest ‚≠ê‚úî,‚Ç¨29.99,‚Ç¨0.00,‚Ç¨29.99,,,,,,,,,,,
WWE 2K Battlegrounds ‚≠ê,‚Ç¨39.99,‚Ç¨0.00,‚Ç¨39.99,,,,,,,,,,,
XCOM 2,‚Ç¨49.99,‚Ç¨12.49,‚Ç¨37.50,,,,,,,,,,,
Xenoraid,‚Ç¨9.99,‚Ç¨3.99,‚Ç¨6.00,VITA,,,,,,,,,,
Yakuza 0 ‚úî,‚Ç¨19.99,‚Ç¨8.99,‚Ç¨11.00,,,,,,,,,,,
Yakuza Kiwami,‚Ç¨19.99,‚Ç¨7.99,‚Ç¨12.00,,,,,,,,,,,
Yakuza Kiwami 2 ‚≠ê,‚Ç¨19.99,‚Ç¨6.99,‚Ç¨13.00,,,,,,,,,,,
Yakuza 3 Remastered,‚Ç¨13.33,‚Ç¨8.00,‚Ç¨5.33,,,,,,,,,,,
Yakuza 4 Remastered,‚Ç¨13.33,‚Ç¨8.00,‚Ç¨5.33,,,,,,,,,,,
Yakuza 5 Remastered,‚Ç¨13.33,‚Ç¨7.99,‚Ç¨5.34,,,,,,,,,,,
Yakuza 6: The Song of Life ,‚Ç¨19.99,‚Ç¨8.99,‚Ç¨11.00,,,,,,,,,,,
Yakuza 7: Like a Dragon ‚úî,‚Ç¨89.99,‚Ç¨53.99,‚Ç¨36.00,,,,,,,,,,,
Yomawari: Midnight Shadows,‚Ç¨29.99,‚Ç¨14.99,‚Ç¨15.00,,,,,,,,,,,
Yooka-Laylee,‚Ç¨39.99,‚Ç¨11.99,‚Ç¨28.00,,,,,,,,,,,
Yooka-Laylee and the Impossible Lair üéÅüå≤,‚Ç¨29.99,‚Ç¨0.00,‚Ç¨29.99,,,,,,,,,,,
Yu-Gi-Oh! Legacy of the Duelist,‚Ç¨35.94,‚Ç¨35.94,‚Ç¨0.00,PS3,,,,,,,,,,
√òkami HD,‚Ç¨19.99,‚Ç¨13.99,‚Ç¨6.00,,,,,,,,,,,
Total,"‚Ç¨12,172.56","‚Ç¨6,075.67","‚Ç¨6,096.89",50.09%,485,TOTAL,,,,,,,,
,,,,,,,,,,,,,,
Accounting+ üíé‚úî,‚Ç¨11.99,‚Ç¨4.79,‚Ç¨7.20,,,,,,,,,,,
Apex Construct üíé,‚Ç¨19.99,‚Ç¨14.99,‚Ç¨5.00,,,,,,,,,,,
Arizona Sunshine üíé,‚Ç¨44.99,‚Ç¨11.24,‚Ç¨33.75,,,,,,,,,,,
ASTRO BOT Rescue Mission üíé‚úî,‚Ç¨39.99,‚Ç¨0.00,‚Ç¨39.99,,,,,,,,,,,
Carnival Games VR üíé,‚Ç¨19.99,‚Ç¨4.99,‚Ç¨15.00,,,,,,,,,,,
Catch & Release üíé,‚Ç¨19.99,‚Ç¨19.99,‚Ç¨0.00,,,,,,,,,,,
CoolpaintrVR üíé,‚Ç¨19.99,‚Ç¨6.99,‚Ç¨13.00,,,,,,,,,,,
Creed: Rise To Glory üíé,‚Ç¨24.99,‚Ç¨11.99,‚Ç¨13.00,,,,,,,,,,,
Discovery üíé,‚Ç¨11.99,‚Ç¨4.99,‚Ç¨7.00,,,,,,,,,,,
DOOM VFR üíé,‚Ç¨29.99,‚Ç¨0.00,‚Ç¨29.99,,,,,,,,,,,
Drunkn Bar Fight üíé‚úî ,‚Ç¨17.99,‚Ç¨7.99,‚Ç¨10.00,,,,,,,,,,,
Floor Plan üíéüéÅü•≥,‚Ç¨5.99,‚Ç¨0.00,‚Ç¨5.99,,,,,,,,,,,
Fruit Ninja VR üíé,‚Ç¨16.99,‚Ç¨16.99,‚Ç¨0.00,,,,,,,,,,,
Gun Club VR üíé,‚Ç¨24.99,‚Ç¨12.49,‚Ç¨12.50,,,,,,,,,,,
Headmaster üíé ‚úî,‚Ç¨28.98,‚Ç¨14.98,‚Ç¨14.00,,,,,,,,,,,
I Expect You To Die üíé,‚Ç¨24.99,‚Ç¨12.49,‚Ç¨12.50,,,,,,,,,,,
I Expect You to Die 2 üíéüéÑüéÅ,‚Ç¨24.99,‚Ç¨0.00,‚Ç¨24.99,,,,,,,,,,,
Kingdom Hearts: VR Experience üíé,‚Ç¨0.00,‚Ç¨0.00,‚Ç¨0.00,,,,,,,,,,,
Knockout League üíé,‚Ç¨19.99,‚Ç¨14.99,‚Ç¨5.00,,,,,,,,,,,
Lethal VR üíé,‚Ç¨19.99,‚Ç¨7.99,‚Ç¨12.00,,,,,,,,,,,
Marvel's Iron Man VR üíéüéÅü•≥,‚Ç¨39.99,‚Ç¨0.00,‚Ç¨39.99,,,,,,,,,,,
Mervils: A VR Adventure üíé,‚Ç¨15.99,‚Ç¨4.99,‚Ç¨11.00,,,,,,,,,,,
Moss üíé,‚Ç¨29.99,‚Ç¨17.99,‚Ç¨12.00,,,,,,,,,,,
PlayStation VR Worlds üíé,‚Ç¨29.99,‚Ç¨0.00,‚Ç¨29.99,,,,,,,,,,,
Rick & Morty: Virtual Rick-ality üíé,‚Ç¨29.99,‚Ç¨29.99,‚Ç¨0.00,,,,,,,,,,,
Shooty Fruity üíé‚úî,‚Ç¨19.99,‚Ç¨11.99,‚Ç¨8.00,,,,,,,,,,,
Star Trek: Bridge Crew VR üíé,‚Ç¨24.99,‚Ç¨19.99,‚Ç¨5.00,,,,,,,,,,,
Tetris Effect: Connected üíé,‚Ç¨39.99,‚Ç¨39.99,‚Ç¨0.00,,,,,,,,,,,
The American Dream üíé,‚Ç¨19.99,‚Ç¨7.99,‚Ç¨12.00,,,,,,,,,,,
The Guy VR ‚≠êüíé ,‚Ç¨9.99,‚Ç¨6.99,‚Ç¨3.00,,,,,,,,,,,
The Persistence ‚≠êüíé,‚Ç¨29.99,‚Ç¨0.00,‚Ç¨29.99,,,,,,,,,,,
The Playroom VR üíé,‚Ç¨0.00,‚Ç¨0.00,‚Ç¨0.00,,,,,,,,,,,
The Walking Dead: Saints and Sinners ‚≠êüíé,‚Ç¨39.99,‚Ç¨0.00,‚Ç¨39.99,,,,,,,,,,,
Tiny Trax üíé,‚Ç¨15.99,‚Ç¨15.99,‚Ç¨0.00,,,,,,,,,,,
Trackmania Turbo üíé,‚Ç¨29.99,‚Ç¨11.99,‚Ç¨18.00,,,,,,,,,,,
Traffic Jams ‚≠êüíé,‚Ç¨19.99,‚Ç¨12.99,‚Ç¨7.00,,,,,,,,,,,
Tumble VR üíé,‚Ç¨9.99,‚Ç¨3.99,‚Ç¨6.00,,,,,,,,,,,
Until Dawn: Rush Of Blood VR üíé,‚Ç¨19.99,‚Ç¨9.99,‚Ç¨10.00,,,,,,,,,,,
Until You Fall ‚≠êüíé,‚Ç¨24.99,‚Ç¨0.00,‚Ç¨24.99,,,,,,,,,,,
VR Karts üíé,‚Ç¨24.99,‚Ç¨9.99,‚Ç¨15.00,,,,,,,,,,,
You Are Being Followed üíé,‚Ç¨0.00,‚Ç¨0.00,‚Ç¨0.00,,,,,,,,,,,
Animal Force üíé,‚Ç¨14.99,‚Ç¨4.99,‚Ç¨10.00,,,,,,,,,,,
Apocalypse Rider üíé‚úî,‚Ç¨5.99,‚Ç¨5.99,‚Ç¨0.00,,,,,,,,,,,
Batman: Arkham VR üíé‚úî,‚Ç¨19.99,‚Ç¨9.99,‚Ç¨10.00,,,,,,,,,,,
Beat Saber üíé,‚Ç¨29.99,‚Ç¨29.99,‚Ç¨0.00,,,,,,,,,,,
BoxVR üíé,‚Ç¨29.99,‚Ç¨17.99,‚Ç¨12.00,,,,,,,,,,,
Dream Match Tennis VR üíé,‚Ç¨14.99,‚Ç¨14.99,‚Ç¨0.00,,,,,,,,,,,
DriveClub VR üíé,‚Ç¨19.99,‚Ç¨19.99,‚Ç¨0.00,,,,,,,,,,,
Eagle Flight üíé,‚Ç¨39.99,‚Ç¨12.99,‚Ç¨27.00,,,,,,,,,,,
EVE: Valkyrie üíé,‚Ç¨29.99,‚Ç¨10.99,‚Ç¨19.00,,,,,,,,,,,
Everest VR üíé,‚Ç¨9.99,‚Ç¨3.99,‚Ç¨6.00,,,,,,,,,,,
Everybody‚Äôs Golf VR üíé,‚Ç¨29.99,‚Ç¨14.99,‚Ç¨15.00,,,,,,,,,,,
Groundhog Day: Like Father Like Son üíé,‚Ç¨19.99,‚Ç¨19.99,‚Ç¨0.00,,,,,,,,,,,
Homestar VR üíé,‚Ç¨16.99,‚Ç¨7.99,‚Ç¨9.00,,,,,,,,,,,
Hotel R'n'R üíé,‚Ç¨18.99,‚Ç¨11.39,‚Ç¨7.60,,,,,,,,,,,
Hustle Kings VR üíé,‚Ç¨19.99,‚Ç¨9.99,‚Ç¨10.00,,,,,,,,,,,
Job Simulator VR üíé ‚úî,‚Ç¨19.99,‚Ç¨19.99,‚Ç¨0.00,,,,,,,,,,,
Kona VR üíé,‚Ç¨19.99,‚Ç¨3.99,‚Ç¨16.00,,,,,,,,,,,
"Penn & Teller VR: F U, U, U & U üíé",‚Ç¨19.99,‚Ç¨19.99,‚Ç¨0.00,,,,,,,,,,,
Perfect VR üíé,‚Ç¨9.99,‚Ç¨3.99,‚Ç¨6.00,,,,,,,,,,,
Psychonauts In The Rhombus Of Ruin VR üíé‚úî,‚Ç¨18.99,‚Ç¨6.49,‚Ç¨12.50,,,,,,,,,,,
Rez Infinite VR üíé,‚Ç¨29.99,‚Ç¨14.99,‚Ç¨15.00,,,,,,,,,,,
RIGS: Mechanized Combat League VR üíé,‚Ç¨19.99,‚Ç¨9.99,‚Ç¨10.00,,,,,,,,,,,
Skyrim VR üíé,‚Ç¨69.99,‚Ç¨0.00,‚Ç¨69.99,,,,,,,,,,,
Space Pirate Trainer VR üíé,‚Ç¨14.49,‚Ç¨11.59,‚Ç¨2.90,,,,,,,,,,,
Sprint Vector üíé,‚Ç¨24.99,‚Ç¨7.99,‚Ç¨17.00,,,,,,,,,,,
Superhot VR üíé,‚Ç¨24.99,‚Ç¨14.99,‚Ç¨10.00,,,,,,,,,,,
Track Lab üíé,‚Ç¨19.99,‚Ç¨8.99,‚Ç¨11.00,,,,,,,,,,,
Ultrawings üíé,‚Ç¨21.99,‚Ç¨6.99,‚Ç¨15.00,,,,,,,,,,,
VR Ping Pong üíé,‚Ç¨14.99,‚Ç¨2.99,‚Ç¨12.00,,,,,,,,,,,
VR The Diner Duo üíé,‚Ç¨14.99,‚Ç¨5.99,‚Ç¨9.00,,,,,,,,,,,
Total,"‚Ç¨1,572.81",‚Ç¨707.96,‚Ç¨864.85,54.99%,71,TOTAL,,,,,,,,
,,,,,,,,,,,,,,
Alice: Madness Returns (+1) ‚úî,‚Ç¨19.99,‚Ç¨19.99,‚Ç¨0.00,,,,,,,,,,,
Angry Birds Trilogy (+2),‚Ç¨29.99,‚Ç¨29.99,‚Ç¨0.00,,,,,,,,,,,
Army of Two üìÄ,‚Ç¨2.00,‚Ç¨2.00,‚Ç¨0.00,,,,,,,,,,,
Bang Bang Racing ‚úî,‚Ç¨9.99,‚Ç¨9.99,‚Ç¨0.00,,,,,,,,,,,
Battlefield 3,‚Ç¨19.99,‚Ç¨0.00,‚Ç¨19.99,,,,,,,,,,,
Bayonetta üìÄ	,‚Ç¨14.99,‚Ç¨4.00,‚Ç¨10.99,,,,,,,,,,,
Beat Hazard Ultra,‚Ç¨6.99,‚Ç¨6.99,‚Ç¨0.00,,,,,,,,,,,
Bentley's Hackpack,‚Ç¨1.99,‚Ç¨1.99,‚Ç¨0.00,,,,,,,,,,,
Beyond Good and Evil HD ‚úî,‚Ç¨9.99,‚Ç¨9.99,‚Ç¨0.00,,,,,,,,,,,
Blur üìÄ,‚Ç¨18.00,‚Ç¨18.00,‚Ç¨0.00,,,,,,,,,,,
Brink üìÄ,‚Ç¨0.50,‚Ç¨0.50,‚Ç¨0.00,,,,,,,,,,,
Buzz! Quiz World üìÄ‚úî,‚Ç¨42.00,‚Ç¨42.00,‚Ç¨0.00,,,,,,,,,,,
Call of Duty: Modern Warfare 2 üìÄ	,‚Ç¨29.99,‚Ç¨4.00,‚Ç¨25.99,,,,,,,,,,,
Crazy Machines Elements,‚Ç¨4.99,‚Ç¨4.99,‚Ç¨0.00,,,,,,,,,,,
Daytona USA,‚Ç¨7.99,‚Ç¨7.99,‚Ç¨0.00,,,,,,,,,,,
Dead Rising 2 üìÄ,‚Ç¨14.99,‚Ç¨3.50,‚Ç¨11.49,,,,,,,,,,,
Dead Space üìÄ	,‚Ç¨12.99,‚Ç¨4.00,‚Ç¨8.99,,,,,,,,,,,
Deus Ex: Human Revolution üìÄ	,‚Ç¨12.99,‚Ç¨6.00,‚Ç¨6.99,,,,,,,,,,,
Dishonored üìÄ,‚Ç¨9.99,‚Ç¨3.00,‚Ç¨6.99,,,,,,,,,,,
DJ Hero üìÄ,‚Ç¨2.50,‚Ç¨2.50,‚Ç¨0.00,,,,,,,,,,,
DJ Hero 2 üìÄ,‚Ç¨2.50,‚Ç¨2.50,‚Ç¨0.00,,,,,,,,,,,
Duke Nukem Forever üìÄ	,‚Ç¨12.99,‚Ç¨3.50,‚Ç¨9.49,,,,,,,,,,,
Earthworm Jim HD,‚Ç¨9.99,‚Ç¨9.99,‚Ç¨0.00,,,,,,,,,,,
Family Guy: Back to the Multiverse üìÄ‚úî,‚Ç¨8.00,‚Ç¨8.00,‚Ç¨0.00,,,,,,,,,,,
Far Cry Classic,‚Ç¨9.99,‚Ç¨9.99,‚Ç¨0.00,,,,,,,,,,,
Far Cry 2 üìÄ‚úî,‚Ç¨9.99,‚Ç¨2.00,‚Ç¨7.99,,,,,,,,,,,
Fat Princess,‚Ç¨9.99,‚Ç¨9.99,‚Ç¨0.00,,,,,,,,,,,
F.E.A.R üìÄ,‚Ç¨12.00,‚Ç¨12.00,‚Ç¨0.00,,,,,,,,,,,
FIFA Street üìÄ,‚Ç¨4.00,‚Ç¨4.00,‚Ç¨0.00,,,,,,,,,,,
Fight Night Champion üìÄ,‚Ç¨19.99,‚Ç¨15.00,‚Ç¨4.99,,,,,,,,,,,
Final Exam ,‚Ç¨9.99,‚Ç¨9.99,‚Ç¨0.00,,,,,,,,,,,
Final Fantasy XIII üìÄ,‚Ç¨4.00,‚Ç¨4.00,‚Ç¨0.00,,,,,,,,,,,
F1 Race Stars,‚Ç¨9.99,‚Ç¨9.99,‚Ç¨0.00,,,,,,,,,,,
Girl Fight ‚≠ê,‚Ç¨0.00,‚Ç¨0.00,‚Ç¨0.00,,,,,,,,,,,
God of War,‚Ç¨12.99,‚Ç¨4.99,‚Ç¨8.00,VITA,,,,,,,,,,
God of War II,‚Ç¨12.00,‚Ç¨3.00,‚Ç¨9.00,VITA,,,,,,,,,,
Gran Turismo 5 üìÄ,‚Ç¨5.00,‚Ç¨5.00,‚Ç¨0.00,,,,,,,,,,,
Grand Theft Auto IV: The Complete Collection üìÄ,‚Ç¨49.97,‚Ç¨22.00,‚Ç¨27.97,,,,,,,,,,,
Hitman: Absolution üìÄ,‚Ç¨14.99,‚Ç¨5.00,‚Ç¨9.99,,,,,,,,,,,
ICO Classics HD,‚Ç¨10.00,‚Ç¨10.00,‚Ç¨0.00,,,,,,,,,,,
inFamous ‚úî,‚Ç¨8.99,‚Ç¨8.99,‚Ç¨0.00,,,,,,,,,,,
inFamous 2 ‚úî,‚Ç¨8.00,‚Ç¨8.00,‚Ç¨0.00,,,,,,,,,,,
inFamous: Festival of Blood ‚úî,‚Ç¨8.00,‚Ç¨8.00,‚Ç¨0.00,,,,,,,,,,,
Jet Car Stunts,‚Ç¨6.99,‚Ç¨6.99,‚Ç¨0.00,VITA,,,,,,,,,,
Joe Danger 2: The Movie,‚Ç¨12.99,‚Ç¨12.99,‚Ç¨0.00,,,,,,,,,,,
Kane and Lynch: Dead Men üìÄ,‚Ç¨9.99,‚Ç¨2.00,‚Ç¨7.99,,,,,,,,,,,
Kane and Lynch 2: Dog Days üìÄ,‚Ç¨9.99,‚Ç¨2.00,‚Ç¨7.99,,,,,,,,,,,
Killer is Dead üìÄ,‚Ç¨19.99,‚Ç¨18.00,‚Ç¨1.99,,,,,,,,,,,
Killzone,‚Ç¨12.99,‚Ç¨12.99,‚Ç¨0.00,,,,,,,,,,,
LA Noire,‚Ç¨29.99,‚Ç¨29.99,‚Ç¨0.00,,,,,,,,,,,
Lemmings,‚Ç¨12.98,‚Ç¨12.98,‚Ç¨0.00,,,,,,,,,,,
LittleBigPlanet üìÄ,‚Ç¨10.50,‚Ç¨10.50,‚Ç¨0.00,VITA,,,,,,,,,,
LittleBigPlanet 2,‚Ç¨29.98,‚Ç¨19.49,‚Ç¨10.49,,,,,,,,,,,
LittleBigPlanet Karting,‚Ç¨14.99,‚Ç¨14.99,‚Ç¨0.00,,,,,,,,,,,
Lollipop Chainsaw üìÄ,‚Ç¨12.00,‚Ç¨12.00,‚Ç¨0.00,,,,,,,,,,,
Lone Survivor: The Director's Cut,‚Ç¨9.99,‚Ç¨9.99,‚Ç¨0.00,VITA,,,,,,,,,,
Mafia II üìÄ,‚Ç¨29.99,‚Ç¨10.00,‚Ç¨19.99,,,,,,,,,,,
Malicious,‚Ç¨7.99,‚Ç¨7.99,‚Ç¨0.00,,,,,,,,,,,
Mass Effect 3,‚Ç¨19.99,‚Ç¨19.99,‚Ç¨0.00,,,,,,,,,,,
Mensa Academy ,‚Ç¨9.99,‚Ç¨9.99,‚Ç¨0.00,,,,,,,,,,,
Metal Gear Solid 2: Sons of Liberty,‚Ç¨23.99,‚Ç¨23.99,‚Ç¨0.00,VITA,,,,,,,,,,
Metal Gear Solid 3: Snake Eater,‚Ç¨22.99,‚Ç¨22.99,‚Ç¨0.00,VITA,,,,,,,,,,
Metal Gear Solid: Peace Walker,‚Ç¨8.00,‚Ç¨8.00,‚Ç¨0.00,,,,,,,,,,,
Metal Gear Solid 4: Guns of the Patriots ,‚Ç¨14.99,‚Ç¨14.99,‚Ç¨0.00,,,,,,,,,,,
Modnation Racers üìÄ,‚Ç¨6.00,‚Ç¨6.00,‚Ç¨0.00,,,,,,,,,,,
Mortal Kombat,‚Ç¨19.99,‚Ç¨19.99,‚Ç¨0.00,,,,,,,,,,,
Mortal Kombat Arcade Kollection (+2),‚Ç¨9.99,‚Ç¨9.99,‚Ç¨0.00,,,,,,,,,,,
Motorstorm Apocalypse,‚Ç¨14.99,‚Ç¨14.99,‚Ç¨0.00,,,,,,,,,,,
Motorstorm: Pacific Rift üìÄ,‚Ç¨5.00,‚Ç¨5.00,‚Ç¨0.00,,,,,,,,,,,
Motorstorm RC,‚Ç¨8.99,‚Ç¨3.99,‚Ç¨5.00,VITA,,,,,,,,,,
Naughty Bear üìÄ,‚Ç¨5.00,‚Ç¨5.00,‚Ç¨0.00,,,,,,,,,,,
Need for Speed: Most Wanted,‚Ç¨14.99,‚Ç¨14.99,‚Ç¨0.00,,,,,,,,,,,
Need for Speed: Shift üìÄ,‚Ç¨4.00,‚Ç¨4.00,‚Ç¨0.00,,,,,,,,,,,
Need for Speed: The Run üìÄ,‚Ç¨19.99,‚Ç¨4.00,‚Ç¨15.99,,,,,,,,,,,
Oddworld: Munch's Oddysee,‚Ç¨8.99,‚Ç¨8.99,‚Ç¨0.00,VITA,,,,,,,,,,
Oddworld: Stranger's Wrath,‚Ç¨12.99,‚Ç¨12.99,‚Ç¨0.00,VITA,,,,,,,,,,
PAYDAY: The Heist,‚Ç¨12.99,‚Ç¨12.99,‚Ç¨0.00,,,,,,,,,,,
Playstation All Stars Battle Royale,‚Ç¨14.99,‚Ç¨14.99,‚Ç¨0.00,VITA,,,,,,,,,,
PlayStation Move Heroes üìÄ,‚Ç¨12.49,‚Ç¨7.50,‚Ç¨4.99,,,,,,,,,,,
Prince of Persia: The Sands of Time,‚Ç¨5.00,‚Ç¨5.00,‚Ç¨0.00,,,,,,,,,,,
Prince of Persia: Warrior Within,‚Ç¨5.00,‚Ç¨5.00,‚Ç¨0.00,,,,,,,,,,,
Prince of Persia: The Two Thrones ,‚Ç¨4.99,‚Ç¨4.99,‚Ç¨0.00,,,,,,,,,,,
Pro Evolution Soccer 2010 üìÄ,‚Ç¨0.50,‚Ç¨0.50,‚Ç¨0.00,,,,,,,,,,,
Quantum Conundrum,‚Ç¨10.99,‚Ç¨10.99,‚Ç¨0.00,,,,,,,,,,,
Ratchet & Clank,‚Ç¨8.99,‚Ç¨3.99,‚Ç¨5.00,VITA,,,,,,,,,,
Ratchet & Clank 2 ‚úî,‚Ç¨8.00,‚Ç¨3.00,‚Ç¨5.00,VITA,,,,,,,,,,
Ratchet & Clank 3 ‚úî,‚Ç¨8.00,‚Ç¨3.00,‚Ç¨5.00,VITA,,,,,,,,,,
Ratchet & Clank: Tools of Destruction üìÄ‚úî,‚Ç¨14.99,‚Ç¨10.00,‚Ç¨4.99,,,,,,,,,,,
Ratchet & Clank: A Crack in Time üìÄ‚úî,‚Ç¨14.99,‚Ç¨10.00,‚Ç¨4.99,,,,,,,,,,,
Ratchet & Clank: QForce,‚Ç¨14.99,‚Ç¨4.99,‚Ç¨10.00,VITA,,,,,,,,,,
Ratchet: Gladiator ‚úî,‚Ç¨14.99,‚Ç¨14.99,‚Ç¨0.00,,,,,,,,,,,
Rayman 3 HD ‚úî,‚Ç¨9.99,‚Ç¨9.99,‚Ç¨0.00,,,,,,,,,,,
Rayman Origins üìÄ,‚Ç¨29.98,‚Ç¨26.99,‚Ç¨2.99,VITA,,,,,,,,,,
Red Dead Redemption üìÄ‚úî,‚Ç¨44.98,‚Ç¨18.00,‚Ç¨26.98,,,,,,,,,,,
Resistance üìÄ,‚Ç¨2.00,‚Ç¨2.00,‚Ç¨0.00,VITA,,,,,,,,,,
Shadow of the Colossus Classics HD,‚Ç¨9.99,‚Ç¨9.99,‚Ç¨0.00,,,,,,,,,,,
Silent Hill HD Collection (+1) üìÄ,‚Ç¨22.00,‚Ç¨22.00,‚Ç¨0.00,,,,,,,,,,,
Siren Blood Curse,‚Ç¨12.99,‚Ç¨12.99,‚Ç¨0.00,,,,,,,,,,,
Skate 2 üìÄ,‚Ç¨12.00,‚Ç¨12.00,‚Ç¨0.00,,,,,,,,,,,
Sly Cooper and the Thievius Raccoonus ,‚Ç¨8.99,‚Ç¨1.99,‚Ç¨7.00,VITA,,,,,,,,,,
Sly 2: Band of Thieves,‚Ç¨8.00,‚Ç¨3.00,‚Ç¨5.00,VITA,,,,,,,,,,
Sly 3: Honour Among Thieves ,‚Ç¨8.00,‚Ç¨3.00,‚Ç¨5.00,VITA,,,,,,,,,,
Sonic CD,‚Ç¨0.00,‚Ç¨0.00,‚Ç¨0.00,,,,,,,,,,,
Sonic Generations,‚Ç¨14.99,‚Ç¨14.99,‚Ç¨0.00,,,,,,,,,,,
Spec Ops: The Line,‚Ç¨19.99,‚Ç¨19.99,‚Ç¨0.00,,,,,,,,,,,
Streets of Rage 2,‚Ç¨4.49,‚Ç¨4.49,‚Ç¨0.00,,,,,,,,,,,
Superfrog HD,‚Ç¨9.99,‚Ç¨9.99,‚Ç¨0.00,VITA,,,,,,,,,,
Super Rub 'a' Dub,‚Ç¨4.99,‚Ç¨4.99,‚Ç¨0.00,,,,,,,,,,,
Syndicate üìÄ,‚Ç¨1.00,‚Ç¨1.00,‚Ç¨0.00,,,,,,,,,,,
Tales of Grace f,‚Ç¨15.00,‚Ç¨15.00,‚Ç¨0.00,,,,,,,,,,,
Tales of Xillia,‚Ç¨14.99,‚Ç¨14.99,‚Ç¨0.00,,,,,,,,,,,
Tekken Revolution ‚≠ê,‚Ç¨0.00,‚Ç¨0.00,‚Ç¨0.00,,,,,,,,,,,
Tekken 5: Dark Resurrection,‚Ç¨19.99,‚Ç¨19.99,‚Ç¨0.00,,,,,,,,,,,
The Amazing Spider-Man üìÄ,‚Ç¨15.00,‚Ç¨15.00,‚Ç¨0.00,,,,,,,,,,,
The Baconing,‚Ç¨12.99,‚Ç¨12.99,‚Ç¨0.00,,,,,,,,,,,
The Cave ‚≠ê,‚Ç¨0.00,‚Ç¨0.00,‚Ç¨0.00,,,,,,,,,,,
The Cube,‚Ç¨9.99,‚Ç¨9.99,‚Ç¨0.00,,,,,,,,,,,
The Darkness üìÄ,‚Ç¨3.00,‚Ç¨3.00,‚Ç¨0.00,,,,,,,,,,,
The Darkness 2 üìÄ,‚Ç¨2.50,‚Ç¨2.50,‚Ç¨0.00,,,,,,,,,,,
The House of the Dead: Overkill üìÄ‚úî,‚Ç¨5.00,‚Ç¨5.00,‚Ç¨0.00,,,,,,,,,,,
The Secret of Monkey Island: Special Edition,‚Ç¨4.99,‚Ç¨4.99,‚Ç¨0.00,,,,,,,,,,,
The Simpsons Arcade Game ‚úî,‚Ç¨9.99,‚Ç¨9.99,‚Ç¨0.00,,,,,,,,,,,
The Simpsons Game,‚Ç¨28.00,‚Ç¨28.00,‚Ç¨0.00,,,,,,,,,,,
The Sims 3,‚Ç¨18.00,‚Ç¨18.00,‚Ç¨0.00,,,,,,,,,,,
The Sims 3: Pets,‚Ç¨18.00,‚Ç¨18.00,‚Ç¨0.00,,,,,,,,,,,
Tiger Woods PGA Tour 11,‚Ç¨1.00,‚Ç¨1.00,‚Ç¨0.00,,,,,,,,,,,
ToeJam and Earl ‚úî,‚Ç¨2.75,‚Ç¨2.75,‚Ç¨0.00,,,,,,,,,,,
ToeJam and Earl: Panic on Funkotron ‚úî,‚Ç¨2.74,‚Ç¨2.74,‚Ç¨0.00,,,,,,,,,,,
Tokyo Jungle ‚úî,‚Ç¨12.99,‚Ç¨12.99,‚Ç¨0.00,,,,,,,,,,,
Tony Hawk's Pro Skater HD,‚Ç¨9.99,‚Ç¨9.99,‚Ç¨0.00,,,,,,,,,,,
Twisted Metal,‚Ç¨12.99,‚Ç¨5.00,‚Ç¨7.99,,,,,,,,,,,
UFC 2009 Undisputed,‚Ç¨2.00,‚Ç¨2.00,‚Ç¨0.00,,,,,,,,,,,
Velocity Ultra ,‚Ç¨7.99,‚Ç¨7.99,‚Ç¨0.00,VITA,,,,,,,,,,
When Vikings Attack,‚Ç¨4.99,‚Ç¨4.99,‚Ç¨0.00,,,,,,,,,,,
XCOM Enemy Unknown ,‚Ç¨39.98,‚Ç¨25.98,‚Ç¨14.00,VITA,,,,,,,,,,
Zombie Tycoon II: Brainhov's Revenge,‚Ç¨6.19,‚Ç¨6.19,‚Ç¨0.00,VITA,,,,,,,,,,
Ratchet & Clank: Nexus ‚úî,‚Ç¨14.99,‚Ç¨14.99,‚Ç¨0.00,,,,,,,,,,,
Ratchet & Clank: Quest for Booty ‚úî,‚Ç¨9.99,‚Ç¨9.99,‚Ç¨0.00,,,,,,,,,,,
Total,"‚Ç¨1,660.74","‚Ç¨1,313.51",‚Ç¨347.23,20.91%,143,TOTAL,,,,,,,,
,,,,,,,,,,,,,,
Deus Ex ,‚Ç¨9.99,‚Ç¨9.99,‚Ç¨0.00,,,,,,,,,,,
Sonic Heroes,‚Ç¨9.99,‚Ç¨9.99,‚Ç¨0.00,,,,,,,,,,,
Stuntman: Ignition,‚Ç¨9.99,‚Ç¨9.99,‚Ç¨0.00,,,,,,,,,,,
The Sims,‚Ç¨14.99,‚Ç¨14.99,‚Ç¨0.00,,,,,,,,,,,
The Sims 2,‚Ç¨14.99,‚Ç¨14.99,‚Ç¨0.00,,,,,,,,,,,
Total,‚Ç¨59.95,‚Ç¨59.95,‚Ç¨0.00,0%,5,TOTAL,,,,,,,,
,,,,,,,,,,,,,,
A Bug's Life,‚Ç¨1.49,‚Ç¨1.49,‚Ç¨0.00,,,,,,,,,,,
Bishi Bashi Special,‚Ç¨4.99,‚Ç¨4.99,‚Ç¨0.00,,,,,,,,,,,
Buzz Lightyear of Star Command,‚Ç¨1.99,‚Ç¨1.99,‚Ç¨0.00,,,,,,,,,,,
Cho Aniki,‚Ç¨4.99,‚Ç¨4.99,‚Ç¨0.00,,,,,,,,,,,
Colin McRae Rally,‚Ç¨9.99,‚Ç¨9.99,‚Ç¨0.00,,,,,,,,,,,
Crash Bandicoot,‚Ç¨4.99,‚Ç¨4.99,‚Ç¨0.00,,,,,,,,,,,
Crash Bandicoot 2,‚Ç¨4.99,‚Ç¨4.99,‚Ç¨0.00,,,,,,,,,,,
Crash Bandicoot 3,‚Ç¨4.99,‚Ç¨4.99,‚Ç¨0.00,,,,,,,,,,,
Crash Team Racing,‚Ç¨4.99,‚Ç¨4.99,‚Ç¨0.00,,,,,,,,,,,
Crash Bash,‚Ç¨9.99,‚Ç¨9.99,‚Ç¨0.00,,,,,,,,,,,
Destruction Derby,‚Ç¨4.99,‚Ç¨2.99,‚Ç¨2.00,,,,,,,,,,,
Driver,‚Ç¨2.49,‚Ç¨2.49,‚Ç¨0.00,,,,,,,,,,,
Fear Effect,‚Ç¨6.99,‚Ç¨6.99,‚Ç¨0.00,,,,,,,,,,,
Fear Effect 2: Retro Helix ,‚Ç¨6.99,‚Ç¨6.99,‚Ç¨0.00,,,,,,,,,,,
Final Fantasy V,‚Ç¨9.99,‚Ç¨4.99,‚Ç¨5.00,,,,,,,,,,,
Final Fantasy VI,‚Ç¨9.99,‚Ç¨4.99,‚Ç¨5.00,,,,,,,,,,,
Final Fantasy VII,‚Ç¨9.99,‚Ç¨4.99,‚Ç¨5.00,,,,,,,,,,,
Final Fantasy VIII,‚Ç¨9.99,‚Ç¨4.99,‚Ç¨5.00,,,,,,,,,,,
Final Fantasy IX,‚Ç¨9.99,‚Ç¨4.99,‚Ç¨5.00,,,,,,,,,,,
Gex,‚Ç¨4.99,‚Ç¨2.50,‚Ç¨2.49,,,,,,,,,,,
Gex 3D: Enter the Gecko,‚Ç¨5.99,‚Ç¨3.00,‚Ç¨2.99,,,,,,,,,,,
Gex: Deep Cover Gecko,‚Ç¨5.99,‚Ç¨3.00,‚Ç¨2.99,,,,,,,,,,,
Hercules,‚Ç¨1.99,‚Ç¨1.99,‚Ç¨0.00,,,,,,,,,,,
Hogs of War,‚Ç¨9.99,‚Ç¨9.99,‚Ç¨0.00,,,,,,,,,,,
Jumping Flash,‚Ç¨4.99,‚Ç¨4.99,‚Ç¨0.00,,,,,,,,,,,
Klonoa: Door to Phantomile ,‚Ç¨4.99,‚Ç¨2.50,‚Ç¨2.49,,,,,,,,,,,
Kula World,‚Ç¨4.99,‚Ç¨4.99,‚Ç¨0.00,,,,,,,,,,,
Medievil,‚Ç¨4.99,‚Ç¨4.99,‚Ç¨0.00,,,,,,,,,,,
Metal Gear Solid,‚Ç¨9.99,‚Ç¨4.99,‚Ç¨5.00,,,,,,,,,,,
Monsters Inc Scare Island,‚Ç¨1.49,‚Ç¨1.49,‚Ç¨0.00,,,,,,,,,,,
Motor Toon Grand Prix 2,‚Ç¨4.99,‚Ç¨2.49,‚Ç¨2.50,,,,,,,,,,,
Oddworld: Abe's Exoddus,‚Ç¨4.99,‚Ç¨4.99,‚Ç¨0.00,,,,,,,,,,,
Oddworld: Abe's Oddysee,‚Ç¨4.99,‚Ç¨4.99,‚Ç¨0.00,,,,,,,,,,,
PONG,‚Ç¨4.99,‚Ç¨4.99,‚Ç¨0.00,,,,,,,,,,,
Rally Cross,‚Ç¨4.99,‚Ç¨1.99,‚Ç¨3.00,,,,,,,,,,,
Rayman,‚Ç¨4.99,‚Ç¨4.99,‚Ç¨0.00,,,,,,,,,,,
Rayman 2,‚Ç¨4.99,‚Ç¨4.99,‚Ç¨0.00,,,,,,,,,,,
Resident Evil: Director's Cut ,‚Ç¨9.99,‚Ç¨3.99,‚Ç¨6.00,,,,,,,,,,,
Resident Evil 2,‚Ç¨9.99,‚Ç¨3.99,‚Ç¨6.00,,,,,,,,,,,
Resident Evil 3: Nemesis,‚Ç¨9.99,‚Ç¨3.99,‚Ç¨6.00,,,,,,,,,,,
"Sheep, Dog n Wolf",‚Ç¨9.99,‚Ç¨9.99,‚Ç¨0.00,,,,,,,,,,,
Silent Hill,‚Ç¨6.99,‚Ç¨2.99,‚Ç¨4.00,,,,,,,,,,,
Spyro the Dragon,‚Ç¨3.99,‚Ç¨3.99,‚Ç¨0.00,,,,,,,,,,,
Spyro 2: Gateway to Glimmer,‚Ç¨3.00,‚Ç¨3.00,‚Ç¨0.00,,,,,,,,,,,
Spyro 3: Year of the Dragon,‚Ç¨3.00,‚Ç¨3.00,‚Ç¨0.00,,,,,,,,,,,
Suikoden ,‚Ç¨4.99,‚Ç¨4.99,‚Ç¨0.00,,,,,,,,,,,
Suikoden II,‚Ç¨4.99,‚Ç¨4.99,‚Ç¨0.00,,,,,,,,,,,
Syphon Filter,‚Ç¨4.99,‚Ç¨2.49,‚Ç¨2.50,,,,,,,,,,,
Tekken,‚Ç¨4.99,‚Ç¨4.99,‚Ç¨0.00,,,,,,,,,,,
Tekken 2,‚Ç¨4.99,‚Ç¨4.99,‚Ç¨0.00,,,,,,,,,,,
Theme Hospital,‚Ç¨4.99,‚Ç¨4.99,‚Ç¨0.00,,,,,,,,,,,
Tomb Raider,‚Ç¨5.99,‚Ç¨1.99,‚Ç¨4.00,,,,,,,,,,,
Tomb Raider II,‚Ç¨5.99,‚Ç¨1.99,‚Ç¨4.00,,,,,,,,,,,
Tomb Raider III,‚Ç¨5.99,‚Ç¨1.99,‚Ç¨4.00,,,,,,,,,,,
Tomb Raider: The Last Revelation,‚Ç¨5.99,‚Ç¨1.99,‚Ç¨4.00,,,,,,,,,,,
Tomb Raider: Chronicles,‚Ç¨5.99,‚Ç¨1.99,‚Ç¨4.00,,,,,,,,,,,
Tomba,‚Ç¨7.99,‚Ç¨4.99,‚Ç¨3.00,,,,,,,,,,,
Tomba 2!: The Evil Swine Return,‚Ç¨7.99,‚Ç¨7.99,‚Ç¨0.00,,,,,,,,,,,
Toy Story 2,‚Ç¨1.99,‚Ç¨1.99,‚Ç¨0.00,,,,,,,,,,,
Toy Story Racer,‚Ç¨1.99,‚Ç¨1.99,‚Ç¨0.00,,,,,,,,,,,
Twisted Metal ,‚Ç¨4.99,‚Ç¨1.99,‚Ç¨3.00,,,,,,,,,,,
UmJammer Lammy,‚Ç¨4.99,‚Ç¨4.99,‚Ç¨0.00,,,,,,,,,,,
Vib-Ribbon,‚Ç¨4.99,‚Ç¨1.99,‚Ç¨3.00,,,,,,,,,,,
Wipeout ,‚Ç¨9.99,‚Ç¨1.99,‚Ç¨8.00,,,,,,,,,,,
WWF! Smackdown 2: Know Your Role,‚Ç¨9.99,‚Ç¨9.99,‚Ç¨0.00,,,,,,,,,,,
Total,‚Ç¨391.87,‚Ç¨281.91,‚Ç¨109.96,28.06%,65,TOTAL,,,,,,,,
,,,,,,,,,,,,,,
Table Top Racing,‚Ç¨2.99,‚Ç¨2.99,‚Ç¨0.00,,,,,,,,,,,
Wanderjahr,‚Ç¨9.99,‚Ç¨9.99,‚Ç¨0.00,,,,,,,,,,,
Zero Escape: Virtue's Last Reward,‚Ç¨19.99,‚Ç¨19.99,‚Ç¨0.00,,,,,,,,,,,
Crazy Market,‚Ç¨0.00,‚Ç¨0.00,‚Ç¨0.00,,,,,,,,,,,
Deathmatch Village,‚Ç¨0.00,‚Ç¨0.00,‚Ç¨0.00,,,,,,,,,,,
Flame Over,‚Ç¨9.99,‚Ç¨9.99,‚Ç¨0.00,,,,,,,,,,,
Get Off My Lawn!,‚Ç¨0.00,‚Ç¨0.00,‚Ç¨0.00,,,,,,,,,,,
Fat Princess: Piece of Cake,‚Ç¨0.00,‚Ç¨0.00,‚Ç¨0.00,,,,,,,,,,,
Football Manager Classic 2014,‚Ç¨39.99,‚Ç¨39.99,‚Ç¨0.00,,,,,,,,,,,
Gunslugs,‚Ç¨2.49,‚Ç¨2.49,‚Ç¨0.00,,,,,,,,,,,
Jet Set Radio,‚Ç¨7.99,‚Ç¨7.99,‚Ç¨0.00,,,,,,,,,,,
LEGO Batman 2: DC Super Heroes,‚Ç¨19.99,‚Ç¨0.00,‚Ç¨19.99,,,,,,,,,,,
ModNation Racers: Road Trip,‚Ç¨14.99,‚Ç¨14.99,‚Ç¨0.00,,,,,,,,,,,
No Heroes Allowed: No Puzzles Either!,‚Ç¨0.00,‚Ç¨0.00,‚Ç¨0.00,,,,,,,,,,,
Paint Park,‚Ç¨0.00,‚Ç¨0.00,‚Ç¨0.00,,,,,,,,,,,
Paint Park Plus,‚Ç¨0.00,‚Ç¨0.00,‚Ç¨0.00,,,,,,,,,,,
PlayStation Vita Pets,‚Ç¨24.99,‚Ç¨9.99,‚Ç¨15.00,,,,,,,,,,,
Quell Memento,‚Ç¨3.59,‚Ç¨3.59,‚Ç¨0.00,,,,,,,,,,,
Rocketbirds: Hardboiled Chicken,‚Ç¨7.99,‚Ç¨7.99,‚Ç¨0.00,,,,,,,,,,,
Silent Hill: Book of Memories,‚Ç¨14.99,‚Ç¨6.99,‚Ç¨8.00,,,,,,,,,,,
Skeleton Rider,‚Ç¨3.99,‚Ç¨3.99,‚Ç¨0.00,,,,,,,,,,,
Sly Cooper: Thieves in Time,‚Ç¨14.99,‚Ç¨4.99,‚Ç¨10.00,,,,,,,,,,,
Spy Hunter,‚Ç¨19.99,‚Ç¨19.99,‚Ç¨0.00,,,,,,,,,,,
Street Fighter X Tekken,‚Ç¨24.99,‚Ç¨4.99,‚Ç¨20.00,,,,,,,,,,,
SunFlowers,‚Ç¨2.99,‚Ç¨2.99,‚Ç¨0.00,,,,,,,,,,,
Surge Deluxe,‚Ç¨4.99,‚Ç¨4.99,‚Ç¨0.00,,,,,,,,,,,
Table Football,‚Ç¨0.00,‚Ç¨0.00,‚Ç¨0.00,,,,,,,,,,,
TxK,‚Ç¨6.99,‚Ç¨6.99,‚Ç¨0.00,,,,,,,,,,,
Uncharted: Golden Abyss,‚Ç¨24.99,‚Ç¨6.99,‚Ç¨18.00,,,,,,,,,,,
Uncharted: Fight for Fortune,‚Ç¨4.99,‚Ç¨4.99,‚Ç¨0.00,,,,,,,,,,,
Worms Revolution Extreme,‚Ç¨14.99,‚Ç¨0.00,‚Ç¨14.99,,,,,,,,,,,
Yomawari: Night Alone ,‚Ç¨19.99,‚Ç¨9.99,‚Ç¨10.00,,,,,,,,,,,
Total,‚Ç¨323.86,‚Ç¨207.88,‚Ç¨115.98,35.81%,32,TOTAL,,,,,,,,
,,,,,,,,,,,,,,
Ape Escape,‚Ç¨7.99,‚Ç¨7.99,‚Ç¨0.00,,,,,,,,,,,
Burnout Legends,‚Ç¨9.99,‚Ç¨9.99,‚Ç¨0.00,,,,,,,,,,,
Crazy Taxi: Fare Wars,‚Ç¨4.49,‚Ç¨4.49,‚Ç¨0.00,,,,,,,,,,,
Daxter,‚Ç¨7.99,‚Ç¨2.99,‚Ç¨5.00,,,,,,,,,,,
Dead or Alive Paradise,‚Ç¨14.99,‚Ç¨14.99,‚Ç¨0.00,,,,,,,,,,,
Everybody's Golf 2,‚Ç¨7.99,‚Ç¨2.99,‚Ç¨5.00,,,,,,,,,,,
Final Fantasy,‚Ç¨9.99,‚Ç¨4.99,‚Ç¨5.00,,,,,,,,,,,
Final Fantasy II,‚Ç¨9.99,‚Ç¨4.99,‚Ç¨5.00,,,,,,,,,,,
Final Fantasy III,‚Ç¨9.99,‚Ç¨4.99,‚Ç¨5.00,,,,,,,,,,,
Final Fantasy IV,‚Ç¨14.99,‚Ç¨7.49,‚Ç¨7.50,,,,,,,,,,,
Grand Theft Auto: Chinatown Wars,‚Ç¨11.66,‚Ç¨5.00,‚Ç¨6.66,,,,,,,,,,,
Grand Theft Auto: Vice City Stories,‚Ç¨11.66,‚Ç¨5.00,‚Ç¨6.66,,,,,,,,,,,
Grand Theft Auto: Liberty City Stories,‚Ç¨11.66,‚Ç¨4.99,‚Ç¨6.67,,,,,,,,,,,
Gravity Crash,‚Ç¨3.99,‚Ç¨3.99,‚Ç¨0.00,,,,,,,,,,,
Jak and Daxter: The Lost Frontier,‚Ç¨7.99,‚Ç¨3.99,‚Ç¨4.00,,,,,,,,,,,
LEGO Batman,‚Ç¨9.99,‚Ç¨0.00,‚Ç¨9.99,,,,,,,,,,,
LEGO Indiana Jones,‚Ç¨9.99,‚Ç¨0.00,‚Ç¨9.99,,,,,,,,,,,
LEGO Pirates of the Caribbean ,‚Ç¨4.99,‚Ç¨0.00,‚Ç¨4.99,,,,,,,,,,,
LEGO Star Wars III: The Clone Wars,‚Ç¨4.99,‚Ç¨0.00,‚Ç¨4.99,,,,,,,,,,,
Prinny,‚Ç¨9.99,‚Ç¨9.99,‚Ç¨0.00,,,,,,,,,,,
Ratchet & Clank: Size Matters,‚Ç¨7.99,‚Ç¨4.00,‚Ç¨3.99,,,,,,,,,,,
Resistance: Retribution,‚Ç¨7.99,‚Ç¨2.99,‚Ç¨5.00,,,,,,,,,,,
Super Monkey Ball Adventure,‚Ç¨4.49,‚Ç¨4.49,‚Ç¨0.00,,,,,,,,,,,
Tomb Raider: Anniversary,‚Ç¨9.99,‚Ç¨3.99,‚Ç¨6.00,,,,,,,,,,,
Tomb Raider: Legend,‚Ç¨9.99,‚Ç¨3.99,‚Ç¨6.00,,,,,,,,,,,
Wipeout Pulse,‚Ç¨7.99,‚Ç¨7.99,‚Ç¨0.00,,,,,,,,,,,
Total,‚Ç¨233.75,‚Ç¨126.31,‚Ç¨107.44,45.96%,26,TOTAL,,,,,,,,
Grand Total (2009-2022: 14 Years),"‚Ç¨16,415.54","‚Ç¨8,773.19","‚Ç¨7,642.35",46.56%,827,TOTAL,,,,,,,,
Total Per Year,"‚Ç¨1,172.54",‚Ç¨626.66,‚Ç¨545.88,46.56%,62,TOTAL,,,,,,,,
Total Per Game,‚Ç¨18.91,‚Ç¨10.11,‚Ç¨8.80,46.56%,1,TOTAL,,,,,,,,